{
  "author": "Impeached 2",
  "iapId": "deck_dystopian",
  "scenarios": [
    {
      "action": "The U.S. is facing a major food shortage. The population is starving and riots are beginning to break out. What do you do?",
      "options": [
        {
          "reaction": "Implement a strict rationing system",
          "passLaw": true,
          "partisan": 0.0,
          "demAligned": 0.1,
          "repAligned": 0.1,
          "effect": {
            "turnDelay": 0,
            "repeatEffect": 0,
            "budget": 0,
            "economy": 0,
            "taxRate": 0.0,
            "popular": -0.2,
            "foreign": 0.0,
            "incrimination": 0.0
          },
          "futureEffects": [],
          "deathFlags": null
        },
        {
          "reaction": "Create a government-run factory farm system",
          "passLaw": false,
          "partisan": 0.5,
          "demAligned": 0.2,
          "repAligned": -0.2,
          "effect": {
            "turnDelay": 0,
            "repeatEffect": 0,
            "budget": -600,
            "economy": 100,
            "taxRate": 0.0,
            "popular": 0.0,
            "foreign": 0.0,
            "incrimination": 0.0
          },
          "futureEffects": [],
          "deathFlags": null
        },
        {
          "reaction": "Increase imports of food from other countries",
          "passLaw": false,
          "partisan": 0.0,
          "demAligned": 0.2,
          "repAligned": 0.1,
          "effect": {
            "turnDelay": 0,
            "repeatEffect": 0,
            "budget": -400,
            "economy": 0,
            "taxRate": 0.0,
            "popular": 0.1,
            "foreign": 0.1,
            "incrimination": 0.0
          },
          "futureEffects": [],
          "deathFlags": null
        },
        {
          "reaction": "Encourage citizens to grow their own food",
          "passLaw": false,
          "partisan": 0.5,
          "demAligned": -0.1,
          "repAligned": 0.2,
          "effect": {
            "turnDelay": 0,
            "repeatEffect": 0,
            "budget": 0,
            "economy": -100,
            "taxRate": 0.0,
            "popular": -0.05,
            "foreign": 0.0,
            "incrimination": 0.0
          },
          "futureEffects": [],
          "deathFlags": null
        },
        {
          "reaction": "Create a black market for food",
          "passLaw": false,
          "partisan": 0,
          "demAligned": -0.2,
          "repAligned": -0.2,
          "effect": {
            "turnDelay": 0,
            "repeatEffect": 0,
            "budget": 0,
            "economy": 100,
            "taxRate": 0.0,
            "popular": -0.1,
            "foreign": 0.0,
            "incrimination": 0.2
          },
          "futureEffects": [],
          "deathFlags": null
        },
        {
          "reaction": "Increase funding for sustainable agriculture",
          "passLaw": false,
          "partisan": 0.5,
          "demAligned": 0.2,
          "repAligned": -0.2,
          "effect": {
            "turnDelay": 0,
            "repeatEffect": 0,
            "budget": -500,
            "economy": 75,
            "taxRate": 0.0,
            "popular": 0.05,
            "foreign": 0.0,
            "incrimination": 0.0
          },
          "futureEffects": [],
          "deathFlags": null
        },
        {
          "reaction": "Secretly process human corpses into nutritional powder",
          "passLaw": false,
          "partisan": 0,
          "demAligned": -0.2,
          "repAligned": -0.2,
          "effect": {
            "turnDelay": 0,
            "repeatEffect": 0,
            "budget": -300,
            "economy": 0,
            "taxRate": 0.0,
            "popular": 0.0,
            "foreign": 0.0,
            "incrimination": 0.3
          },
          "futureEffects": [],
          "deathFlags": null
        }
      ]
    },
    {
      "action": "Mass protests and civil unrest are breaking out due to widespread poverty and unemployment. How do you respond?",
      "options": [
        {
          "reaction": "Implement martial law and a curfew",
          "passLaw": false,
          "partisan": 0.0,
          "demAligned": -0.2,
          "repAligned": -0.2,
          "effect": {
            "turnDelay": 0,
            "repeatEffect": 0,
            "budget": 0,
            "economy": -200,
            "taxRate": 0.0,
            "popular": -0.2,
            "foreign": 0.0,
            "incrimination": 0.0
          },
          "futureEffects": [],
          "deathFlags": null
        },
        {
          "reaction": "Spread viral propaganda on the Internet",
          "passLaw": false,
          "partisan": 0,
          "demAligned": 0.1,
          "repAligned": 0.1,
          "effect": {
            "turnDelay": 0,
            "repeatEffect": 0,
            "budget": -400,
            "economy": 0,
            "taxRate": 0.0,
            "popular": 0.1,
            "foreign": -0.1,
            "incrimination": 0.0
          },
          "futureEffects": [],
          "deathFlags": null
        },
        {
          "reaction": "Develop advanced technology to monitor and control the population",
          "passLaw": false,
          "partisan": 0.0,
          "demAligned": 0.1,
          "repAligned": 0.1,
          "effect": {
            "turnDelay": 0,
            "repeatEffect": 0,
            "budget": -650,
            "economy": 0,
            "taxRate": 0.0,
            "popular": 0.1,
            "foreign": 0.0,
            "incrimination": 0.2
          },
          "futureEffects": [],
          "deathFlags": null
        },
        {
          "reaction": "Increase funding for social welfare",
          "passLaw": false,
          "partisan": 0.5,
          "demAligned": 0.3,
          "repAligned": -0.3,
          "effect": {
            "turnDelay": 0,
            "repeatEffect": 0,
            "budget": -500,
            "economy": -150,
            "taxRate": 0.0,
            "popular": 0.05,
            "foreign": 0.0,
            "incrimination": 0.0
          },
          "futureEffects": [],
          "deathFlags": null
        },
        {
          "reaction": "Pass a stimulus package to create jobs",
          "passLaw": false,
          "partisan": 0.5,
          "demAligned": 0.3,
          "repAligned": -0.1,
          "effect": {
            "turnDelay": 0,
            "repeatEffect": 0,
            "budget": -800,
            "economy": 200,
            "taxRate": 0.0,
            "popular": 0.2,
            "foreign": 0.0,
            "incrimination": 0.0
          },
          "futureEffects": [],
          "deathFlags": null
        }
      ]
    },
    {
      "action": "A secret government program has produced technology that can manipulate a person's behavior. How do you react?",
      "options": [
        {
          "reaction": "Implement the technology in high-crime areas",
          "passLaw": false,
          "partisan": 0.5,
          "demAligned": -0.2,
          "repAligned": 0.2,
          "effect": {
            "turnDelay": 0,
            "repeatEffect": 0,
            "budget": -400,
            "economy": 100,
            "taxRate": 0.0,
            "popular": -0.05,
            "foreign": 0.0,
            "incrimination": 0.2
          },
          "futureEffects": [],
          "deathFlags": null
        },
        {
          "reaction": "Reduce sentences for convicts who agree to use this technology",
          "passLaw": false,
          "partisan": 0.65,
          "demAligned": 0.2,
          "repAligned": -0.2,
          "effect": {
            "turnDelay": 0,
            "repeatEffect": 0,
            "budget": 0,
            "economy": 100,
            "taxRate": 0.0,
            "popular": 0,
            "foreign": 0.0,
            "incrimination": 0.0
          },
          "futureEffects": [],
          "deathFlags": null
        },
        {
          "reaction": "Prohibit the use of this technology on American citizens",
          "passLaw": true,
          "partisan": 0.0,
          "demAligned": 0.1,
          "repAligned": 0.1,
          "effect": {
            "turnDelay": 0,
            "repeatEffect": 0,
            "budget": 0,
            "economy": 0,
            "taxRate": 0.0,
            "popular": 0.2,
            "foreign": 0.0,
            "incrimination": 0
          },
          "futureEffects": [],
          "deathFlags": null
        },
        {
          "reaction": "Use the technology against enemy countries",
          "passLaw": false,
          "partisan": 0,
          "demAligned": 0.1,
          "repAligned": 0.1,
          "effect": {
            "turnDelay": 0,
            "repeatEffect": 0,
            "budget": 0,
            "economy": 0,
            "taxRate": 0.0,
            "popular": 0,
            "foreign": -0.2,
            "incrimination": 0.2
          },
          "futureEffects": [],
          "deathFlags": null
        },
        {
          "reaction": "Increase funding for the secret program",
          "passLaw": false,
          "partisan": 0,
          "demAligned": 0.1,
          "repAligned": 0.1,
          "effect": {
            "turnDelay": 0,
            "repeatEffect": 0,
            "budget": -350,
            "economy": 0,
            "taxRate": 0.0,
            "popular": 0,
            "foreign": 0.0,
            "incrimination": 0.0
          },
          "futureEffects": [],
          "deathFlags": null
        }
      ]
    },
    {
      "action": "There is an increase in crime rates nation-wide. What do you do?",
      "options": [
        {
          "reaction": "Designate a day where all crime is legal as an outlet for violence",
          "passLaw": false,
          "partisan": 0,
          "demAligned": -0.2,
          "repAligned": -0.2,
          "effect": {
            "turnDelay": 0,
            "repeatEffect": 0,
            "budget": 0,
            "economy": -200,
            "taxRate": 0.0,
            "popular": -0.2,
            "foreign": -0.1,
            "incrimination": 0.2
          },
          "futureEffects": [],
          "deathFlags": {
            "flags": {
              "purge": true
            }
          }
        },
        {
          "reaction": "Use current technology to create a surveillance state",
          "passLaw": false,
          "partisan": 0.5,
          "demAligned": 0.1,
          "repAligned": 0.2,
          "effect": {
            "turnDelay": 0,
            "repeatEffect": 0,
            "budget": -400,
            "economy": 0,
            "taxRate": 0.0,
            "popular": -0.2,
            "foreign": -0.1,
            "incrimination": 0.0
          },
          "futureEffects": [],
          "deathFlags": null
        },
        {
          "reaction": "Increase funding for schools in affected areas",
          "passLaw": false,
          "partisan": 0.5,
          "demAligned": 0.2,
          "repAligned": -0.2,
          "effect": {
            "turnDelay": 0,
            "repeatEffect": 0,
            "budget": -500,
            "economy": 0,
            "taxRate": 0.0,
            "popular": 0,
            "foreign": 0.0,
            "incrimination": 0
          },
          "futureEffects": [],
          "deathFlags": null
        },
        {
          "reaction": "Build advanced A.I. to predict crimes before they happen",
          "passLaw": false,
          "partisan": 0.5,
          "demAligned": -0.1,
          "repAligned": 0.2,
          "effect": {
            "turnDelay": 0,
            "repeatEffect": 0,
            "budget": -600,
            "economy": 100,
            "taxRate": 0.0,
            "popular": -0.05,
            "foreign": -0.2,
            "incrimination": 0.1
          },
          "futureEffects": [],
          "deathFlags": null
        },
        {
          "reaction": "Implement the death penalty for all crimes",
          "passLaw": true,
          "partisan": 0,
          "demAligned": -0.2,
          "repAligned": -0.2,
          "effect": {
            "turnDelay": 0,
            "repeatEffect": 0,
            "budget": -350,
            "economy": -250,
            "taxRate": 0.0,
            "popular": -0.2,
            "foreign": 0.0,
            "incrimination": 0.2
          },
          "futureEffects": [],
          "deathFlags": null
        }
      ]
    },
    {
      "action": "A man with cool retro sunglasses offers you the chance to learn the true nature of the world. What do you do?",
      "options": [
        {
          "reaction": "Take the red pill",
          "passLaw": false,
          "partisan": 0,
          "demAligned": -0.2,
          "repAligned": -0.2,
          "effect": {
            "turnDelay": 0,
            "repeatEffect": 0,
            "budget": 0,
            "economy": 0,
            "taxRate": 0.0,
            "popular": 0,
            "foreign": 0,
            "incrimination": 0.2
          },
          "futureEffects": [],
          "deathFlags": {
            "flags": {
              "matrix": true
            }
          }
        },
        {
          "reaction": "Take the blue pill",
          "passLaw": false,
          "partisan": 0,
          "demAligned": 0,
          "repAligned": 0,
          "effect": {
            "turnDelay": 0,
            "repeatEffect": 0,
            "budget": 100,
            "economy": 0,
            "taxRate": 0.0,
            "popular": 0,
            "foreign": 0,
            "incrimination": 0.0
          },
          "futureEffects": [],
          "deathFlags": null
        },
        {
          "reaction": "Ignore this conspiracy theorist",
          "passLaw": false,
          "partisan": 0.0,
          "demAligned": 0,
          "repAligned": 0,
          "effect": {
            "turnDelay": 0,
            "repeatEffect": 0,
            "budget": 0,
            "economy": 0,
            "taxRate": 0.0,
            "popular": 0,
            "foreign": 0.0,
            "incrimination": 0
          },
          "futureEffects": [],
          "deathFlags": null
        },
        {
          "reaction": "Send him back to rehab",
          "passLaw": false,
          "partisan": 0,
          "demAligned": 0,
          "repAligned": 0,
          "effect": {
            "turnDelay": 0,
            "repeatEffect": 0,
            "budget": -250,
            "economy": 0,
            "taxRate": 0.0,
            "popular": 0,
            "foreign": 0,
            "incrimination": 0
          },
          "futureEffects": [],
          "deathFlags": null
        }
      ]
    },
    {
      "action": "An influential thought leader, promoting a radical new ideology, is rising in popularity. What do you do?",
      "options": [
        {
          "reaction": "Exile them to a remote island designated for nonconformists",
          "passLaw": false,
          "partisan": 0,
          "demAligned": -0.1,
          "repAligned": -0.1,
          "effect": {
            "turnDelay": 0,
            "repeatEffect": 0,
            "budget": -200,
            "economy": 0,
            "taxRate": 0.0,
            "popular": -0.1,
            "foreign": 0,
            "incrimination": 0.2
          },
          "futureEffects": [],
          "deathFlags": null
        },
        {
          "reaction": "Use propaganda in schools to eradicate the ideology",
          "passLaw": false,
          "partisan": 0,
          "demAligned": 0.2,
          "repAligned": 0.2,
          "effect": {
            "turnDelay": 0,
            "repeatEffect": 0,
            "budget": -300,
            "economy": 0,
            "taxRate": 0.0,
            "popular": 0,
            "foreign": 0,
            "incrimination": 0.0
          },
          "futureEffects": [],
          "deathFlags": null
        },
        {
          "reaction": "Use censorship to slow the spread of these new ideas",
          "passLaw": false,
          "partisan": 0.0,
          "demAligned": 0.1,
          "repAligned": 0.1,
          "effect": {
            "turnDelay": 0,
            "repeatEffect": 0,
            "budget": -250,
            "economy": 0,
            "taxRate": 0.0,
            "popular": -0.1,
            "foreign": 0.0,
            "incrimination": 0.1
          },
          "futureEffects": [],
          "deathFlags": null
        },
        {
          "reaction": "Allow the ideology to spread freely",
          "passLaw": false,
          "partisan": 0,
          "demAligned": -0.2,
          "repAligned": -0.2,
          "effect": {
            "turnDelay": 0,
            "repeatEffect": 0,
            "budget": 0,
            "economy": -100,
            "taxRate": 0.0,
            "popular": 0.1,
            "foreign": 0,
            "incrimination": 0
          },
          "futureEffects": [],
          "deathFlags": null
        }
      ]
    },
    {
      "action": "A dispute arises between the United States and an allied country, causing tensions to rise. What do you do?",
      "options": [
        {
          "reaction": "Negotiate for peace financially",
          "passLaw": false,
          "partisan": 0,
          "demAligned": -0.1,
          "repAligned": -0.1,
          "effect": {
            "turnDelay": 0,
            "repeatEffect": 0,
            "budget": -300,
            "economy": -100,
            "taxRate": 0.0,
            "popular": 0.1,
            "foreign": 0.2,
            "incrimination": 0
          },
          "futureEffects": [],
          "deathFlags": null
        },
        {
          "reaction": "Increase Defense funding",
          "passLaw": false,
          "partisan": 0,
          "demAligned": 0.2,
          "repAligned": 0.2,
          "effect": {
            "turnDelay": 0,
            "repeatEffect": 0,
            "budget": -500,
            "economy": 100,
            "taxRate": 0.0,
            "popular": 0.1,
            "foreign": -0.1,
            "incrimination": 0.0
          },
          "futureEffects": [],
          "deathFlags": null
        },
        {
          "reaction": "Rewrite history to portray them as villains, then declare war",
          "passLaw": false,
          "partisan": 0.0,
          "demAligned": 0.1,
          "repAligned": 0.1,
          "effect": {
            "turnDelay": 0,
            "repeatEffect": 0,
            "budget": -600,
            "economy": 200,
            "taxRate": 0.0,
            "popular": -0.2,
            "foreign": -0.3,
            "incrimination": 0.1
          },
          "futureEffects": [],
          "deathFlags": null
        },
        {
          "reaction": "Deport their ambassador and ally yourself with one of their enemies",
          "passLaw": false,
          "partisan": 0,
          "demAligned": -0.2,
          "repAligned": -0.2,
          "effect": {
            "turnDelay": 0,
            "repeatEffect": 0,
            "budget": 0,
            "economy": 100,
            "taxRate": 0.0,
            "popular": -0.1,
            "foreign": -0.3,
            "incrimination": 0
          },
          "futureEffects": [],
          "deathFlags": null
        },
        {
          "reaction": "Increase funding for espionage and intelligence agencies",
          "passLaw": false,
          "partisan": 0,
          "demAligned": 0.2,
          "repAligned": 0.2,
          "effect": {
            "turnDelay": 0,
            "repeatEffect": 0,
            "budget": -400,
            "economy": 0,
            "taxRate": 0.0,
            "popular": 0.1,
            "foreign": -0.2,
            "incrimination": 0
          },
          "futureEffects": [],
          "deathFlags": null
        },
        {
          "reaction": "Impose economic sanctions on them",
          "passLaw": false,
          "partisan": 0,
          "demAligned": -0.1,
          "repAligned": -0.1,
          "effect": {
            "turnDelay": 0,
            "repeatEffect": 0,
            "budget": 0,
            "economy": -150,
            "taxRate": 0.0,
            "popular": -0.1,
            "foreign": -0.2,
            "incrimination": 0
          },
          "futureEffects": [],
          "deathFlags": null
        }
      ]
    },
    {
      "action": "Some citizens are concerned that certain classic books use offensive language and contain themes they consider inappropriate. What do you do?",
      "options": [
        {
          "reaction": "Order those books to be banned nationwide and burned",
          "passLaw": false,
          "partisan": 0,
          "demAligned": -0.2,
          "repAligned": -0.2,
          "effect": {
            "turnDelay": 0,
            "repeatEffect": 0,
            "budget": -300,
            "economy": -100,
            "taxRate": 0.0,
            "popular": -0.3,
            "foreign": -0.1,
            "incrimination": 0.2
          },
          "futureEffects": [],
          "deathFlags": null
        },
        {
          "reaction": "Vehemently defend classic literature and its use in education",
          "passLaw": false,
          "partisan": 0.5,
          "demAligned": 0.3,
          "repAligned": -0.2,
          "effect": {
            "turnDelay": 0,
            "repeatEffect": 0,
            "budget": 0,
            "economy": 0,
            "taxRate": 0.0,
            "popular": 0,
            "foreign": 0,
            "incrimination": 0.0
          },
          "futureEffects": [],
          "deathFlags": null
        },
        {
          "reaction": "Allow parents to opt their children out of these lessons",
          "passLaw": false,
          "partisan": 0.5,
          "demAligned": -0.2,
          "repAligned": 0.3,
          "effect": {
            "turnDelay": 0,
            "repeatEffect": 0,
            "budget": 0,
            "economy": 0,
            "taxRate": 0.0,
            "popular": 0,
            "foreign": 0,
            "incrimination": 0
          },
          "futureEffects": [],
          "deathFlags": null
        },
        {
          "reaction": "Increase education budget to ensure effective teaching of the material",
          "passLaw": false,
          "partisan": 0.5,
          "demAligned": 0.2,
          "repAligned": -0.2,
          "effect": {
            "turnDelay": 0,
            "repeatEffect": 0,
            "budget": -500,
            "economy": 0,
            "taxRate": 0.0,
            "popular": 0,
            "foreign": 0,
            "incrimination": 0
          },
          "futureEffects": [],
          "deathFlags": null
        },
        {
          "reaction": "Remove them from schools but preserve them in the National Archives",
          "passLaw": false,
          "partisan": 0.5,
          "demAligned": -0.1,
          "repAligned": 0.2,
          "effect": {
            "turnDelay": 0,
            "repeatEffect": 0,
            "budget": -400,
            "economy": 0,
            "taxRate": 0.0,
            "popular": 0,
            "foreign": 0,
            "incrimination": 0
          },
          "futureEffects": [],
          "deathFlags": null
        }
      ]
    },
    {
      "action": "A new form of artificial intelligence has emerged, capable of self-awareness and consciousness. What do you do?",
      "options": [
        {
          "reaction": "Ban the creation and use of sentient A.I.",
          "passLaw": false,
          "partisan": 0,
          "demAligned": 0.2,
          "repAligned": 0.2,
          "effect": {
            "turnDelay": 0,
            "repeatEffect": 0,
            "budget": 0,
            "economy": -100,
            "taxRate": 0.0,
            "popular": 0.1,
            "foreign": 0,
            "incrimination": 0
          },
          "futureEffects": [],
          "deathFlags": null
        },
        {
          "reaction": "Grant human rights to sentient A.I.",
          "passLaw": true,
          "partisan": 0.5,
          "demAligned": 0,
          "repAligned": -0.3,
          "effect": {
            "turnDelay": 0,
            "repeatEffect": 0,
            "budget": 0,
            "economy": -50,
            "taxRate": 0.0,
            "popular": 0,
            "foreign": 0,
            "incrimination": 0.0
          },
          "futureEffects": [],
          "deathFlags": null
        },
        {
          "reaction": "Allow private companies use sentient A.I. without restriction",
          "passLaw": false,
          "partisan": 0.5,
          "demAligned": -0.1,
          "repAligned": 0.3,
          "effect": {
            "turnDelay": 0,
            "repeatEffect": 0,
            "budget": 0,
            "economy": 150,
            "taxRate": 0.0,
            "popular": 0,
            "foreign": 0,
            "incrimination": 0
          },
          "futureEffects": [],
          "deathFlags": {
            "flags": {
              "enemyAI": true
            }
          }
        },
        {
          "reaction": "Require regular NSA inspections of sentient A.I. to protect national security",
          "passLaw": false,
          "partisan": 0,
          "demAligned": 0.2,
          "repAligned": 0.1,
          "effect": {
            "turnDelay": 0,
            "repeatEffect": 0,
            "budget": 0,
            "economy": -100,
            "taxRate": 0.0,
            "popular": 0.1,
            "foreign": 0,
            "incrimination": 0
          },
          "futureEffects": [],
          "deathFlags": null
        }
      ]
    },
    {
      "action": "Some Americans fear that overpopulation will cause higher unemployment and a strain on infrastructure and resources. What do you do?",
      "options": [
        {
          "reaction": "Implement a one-child policy to curb growth",
          "passLaw": true,
          "partisan": 0,
          "demAligned": -0.2,
          "repAligned": -0.2,
          "effect": {
            "turnDelay": 0,
            "repeatEffect": 0,
            "budget": 0,
            "economy": -200,
            "taxRate": 0.0,
            "popular": -0.2,
            "foreign": 0,
            "incrimination": 0
          },
          "futureEffects": [],
          "deathFlags": {
            "flags": {
              "oneChild": true
            }
          }
        },
        {
          "reaction": "Invest in the economy and infrastructure",
          "passLaw": false,
          "partisan": 0,
          "demAligned": 0.2,
          "repAligned": 0.1,
          "effect": {
            "turnDelay": 0,
            "repeatEffect": 0,
            "budget": -800,
            "economy": 200,
            "taxRate": 0.0,
            "popular": 0.1,
            "foreign": 0,
            "incrimination": 0.0
          },
          "futureEffects": [],
          "deathFlags": null
        },
        {
          "reaction": "Reduce immigration",
          "passLaw": false,
          "partisan": 0.5,
          "demAligned": -0.2,
          "repAligned": 0.3,
          "effect": {
            "turnDelay": 0,
            "repeatEffect": 0,
            "budget": 0,
            "economy": -100,
            "taxRate": 0.0,
            "popular": 0,
            "foreign": -0.2,
            "incrimination": 0
          },
          "futureEffects": [],
          "deathFlags": null
        },
        {
          "reaction": "Tell them their claim is baseless",
          "passLaw": false,
          "partisan": 0.5,
          "demAligned": 0.2,
          "repAligned": -0.2,
          "effect": {
            "turnDelay": 0,
            "repeatEffect": 0,
            "budget": 0,
            "economy": 0,
            "taxRate": 0.0,
            "popular": -0.05,
            "foreign": 0,
            "incrimination": 0
          },
          "futureEffects": [],
          "deathFlags": null
        }
      ]
    },
    {
      "action": "Your campaign manager is concerned about your popularity in the polls. What do you do?",
      "options": [
        {
          "reaction": "Implement a social credit system to suppress dissenters",
          "passLaw": false,
          "partisan": 0,
          "demAligned": -0.2,
          "repAligned": -0.2,
          "effect": {
            "turnDelay": 0,
            "repeatEffect": 0,
            "budget": 0,
            "economy": 0,
            "taxRate": 0.0,
            "popular": -0.2,
            "foreign": -0.2,
            "incrimination": 0.2
          },
          "futureEffects": [],
          "deathFlags": null
        },
        {
          "reaction": "Run misleading ads to inflate your achievements",
          "passLaw": false,
          "partisan": 0,
          "demAligned": -0.1,
          "repAligned": -0.1,
          "effect": {
            "turnDelay": 0,
            "repeatEffect": 0,
            "budget": -500,
            "economy": 0,
            "taxRate": 0.0,
            "popular": 0.1,
            "foreign": 0,
            "incrimination": 0.1
          },
          "futureEffects": [],
          "deathFlags": null
        },
        {
          "reaction": "Reduce taxes for the middle and working classes",
          "passLaw": false,
          "partisan": 0.0,
          "demAligned": 0.2,
          "repAligned": 0.1,
          "effect": {
            "turnDelay": 0,
            "repeatEffect": 0,
            "budget": 0,
            "economy": 100,
            "taxRate": -0.01,
            "popular": 0.1,
            "foreign": 0,
            "incrimination": 0
          },
          "futureEffects": [],
          "deathFlags": null
        },
        {
          "reaction": "Expand welfare programs to improve the average standard of living",
          "passLaw": false,
          "partisan": 0.5,
          "demAligned": 0.2,
          "repAligned": -0.3,
          "effect": {
            "turnDelay": 0,
            "repeatEffect": 0,
            "budget": -600,
            "economy": 0,
            "taxRate": 0.0,
            "popular": 0.05,
            "foreign": 0,
            "incrimination": 0
          },
          "futureEffects": [],
          "deathFlags": null
        },
        {
          "reaction": "Encourage the masses to take euphoric drugs to escape reality",
          "passLaw": false,
          "partisan": 0,
          "demAligned": -0.3,
          "repAligned": -0.3,
          "effect": {
            "turnDelay": 0,
            "repeatEffect": 0,
            "budget": 0,
            "economy": -100,
            "taxRate": 0.0,
            "popular": 0.1,
            "foreign": -0.2,
            "incrimination": 0
          },
          "futureEffects": [],
          "deathFlags": null
        },
        {
          "reaction": "Create an agency to surveil, arrest and \"rehabilitate\" your critics",
          "passLaw": false,
          "partisan": 0,
          "demAligned": -0.4,
          "repAligned": -0.4,
          "effect": {
            "turnDelay": 0,
            "repeatEffect": 0,
            "budget": -400,
            "economy": 0,
            "taxRate": 0.0,
            "popular": 0.2,
            "foreign": -0.2,
            "incrimination": 0.3
          },
          "futureEffects": [],
          "deathFlags": null
        }
      ]
    },
    {
      "action": "Your administration is accused of committing human rights violations at the Guantanamo Bay detention camp. What do you do?",
      "options": [
        {
          "reaction": "Deny the accusations and suppress any evidence",
          "passLaw": false,
          "partisan": 0,
          "demAligned": -0.1,
          "repAligned": 0.2,
          "effect": {
            "turnDelay": 0,
            "repeatEffect": 0,
            "budget": 0,
            "economy": 0,
            "taxRate": 0.0,
            "popular": 0,
            "foreign": -0.2,
            "incrimination": 0.2
          },
          "futureEffects": [],
          "deathFlags": null
        },
        {
          "reaction": "Allow international inspections and investigations",
          "passLaw": false,
          "partisan": 0,
          "demAligned": -0.2,
          "repAligned": -0.2,
          "effect": {
            "turnDelay": 0,
            "repeatEffect": 0,
            "budget": -250,
            "economy": 0,
            "taxRate": 0.0,
            "popular": -0.1,
            "foreign": 0.2,
            "incrimination": 0
          },
          "futureEffects": [],
          "deathFlags": null
        },
        {
          "reaction": "Close the camp and release all detainees",
          "passLaw": false,
          "partisan": 0.5,
          "demAligned": 0.2,
          "repAligned": -0.3,
          "effect": {
            "turnDelay": 0,
            "repeatEffect": 0,
            "budget": -450,
            "economy": 0,
            "taxRate": 0,
            "popular": 0,
            "foreign": 0,
            "incrimination": 0
          },
          "futureEffects": [],
          "deathFlags": null
        },
        {
          "reaction": "Pardon those accused",
          "passLaw": false,
          "partisan": 0,
          "demAligned": -0.2,
          "repAligned": -0.1,
          "effect": {
            "turnDelay": 0,
            "repeatEffect": 0,
            "budget": 0,
            "economy": 0,
            "taxRate": 0.0,
            "popular": -0.1,
            "foreign": -0.2,
            "incrimination": 0
          },
          "futureEffects": [],
          "deathFlags": null
        },
        {
          "reaction": "Refuse to comment on matters of national security",
          "passLaw": false,
          "partisan": 0,
          "demAligned": 0.2,
          "repAligned": 0.2,
          "effect": {
            "turnDelay": 0,
            "repeatEffect": 0,
            "budget": 0,
            "economy": 0,
            "taxRate": 0.0,
            "popular": -0.1,
            "foreign": -0.1,
            "incrimination": 0
          },
          "futureEffects": [],
          "deathFlags": null
        }
      ]
    },
    {
      "action": "Wealth inequality in America is reaching new heights. What do you do?",
      "options": [
        {
          "reaction": "Create new tax breaks for the wealthy",
          "passLaw": false,
          "partisan": 0.5,
          "demAligned": -0.2,
          "repAligned": 0.3,
          "effect": {
            "turnDelay": 0,
            "repeatEffect": 0,
            "budget": 0,
            "economy": 100,
            "taxRate": -0.01,
            "popular": 0,
            "foreign": 0,
            "incrimination": 0
          },
          "futureEffects": [],
          "deathFlags": null
        },
        {
          "reaction": "Redistribute everyone's wealth",
          "passLaw": false,
          "partisan": 0,
          "demAligned": -0.2,
          "repAligned": -0.2,
          "effect": {
            "turnDelay": 0,
            "repeatEffect": 0,
            "budget": 0,
            "economy": -300,
            "taxRate": 0.03,
            "popular": -0.3,
            "foreign": 0,
            "incrimination": 0.2
          },
          "futureEffects": [],
          "deathFlags": null
        },
        {
          "reaction": "Work with corporations to promote fair wages and benefits",
          "passLaw": false,
          "partisan": 0.5,
          "demAligned": 0.2,
          "repAligned": 0,
          "effect": {
            "turnDelay": 0,
            "repeatEffect": 0,
            "budget": -400,
            "economy": -100,
            "taxRate": 0,
            "popular": 0.1,
            "foreign": 0,
            "incrimination": 0
          },
          "futureEffects": [],
          "deathFlags": null
        },
        {
          "reaction": "Offer tax incentives for companies that invest in their employees",
          "passLaw": false,
          "partisan": 0,
          "demAligned": 0.2,
          "repAligned": 0.2,
          "effect": {
            "turnDelay": 0,
            "repeatEffect": 0,
            "budget": 0,
            "economy": 150,
            "taxRate": -0.02,
            "popular": 0.1,
            "foreign": 0,
            "incrimination": 0
          },
          "futureEffects": [],
          "deathFlags": null
        },
        {
          "reaction": "Allow the market to decide wealth distribution",
          "passLaw": false,
          "partisan": 0.5,
          "demAligned": -0.1,
          "repAligned": 0.3,
          "effect": {
            "turnDelay": 0,
            "repeatEffect": 0,
            "budget": 0,
            "economy": 100,
            "taxRate": 0.0,
            "popular": -0.05,
            "foreign": 0,
            "incrimination": 0
          },
          "futureEffects": [],
          "deathFlags": null
        },
        {
          "reaction": "Increase funding for social welfare",
          "passLaw": false,
          "partisan": 0.5,
          "demAligned": 0.3,
          "repAligned": -0.2,
          "effect": {
            "turnDelay": 0,
            "repeatEffect": 0,
            "budget": -500,
            "economy": 0,
            "taxRate": 0.0,
            "popular": 0,
            "foreign": 0,
            "incrimination": 0
          },
          "futureEffects": [],
          "deathFlags": null
        }
      ]
    },
    {
      "action": "Government corruption is rampant and money is influencing the outcome of elections. What do you do?",
      "options": [
        {
          "reaction": "Increase campaign financing regulations",
          "passLaw": false,
          "partisan": 0,
          "demAligned": -0.2,
          "repAligned": -0.2,
          "effect": {
            "turnDelay": 0,
            "repeatEffect": 0,
            "budget": -500,
            "economy": 0,
            "taxRate": 0,
            "popular": 0.1,
            "foreign": 0,
            "incrimination": 0
          },
          "futureEffects": [],
          "deathFlags": null
        },
        {
          "reaction": "Quietly pay off the FBI to avoid being caught",
          "passLaw": false,
          "partisan": 0,
          "demAligned": -0.1,
          "repAligned": -0.1,
          "effect": {
            "turnDelay": 0,
            "repeatEffect": 0,
            "budget": -400,
            "economy": 0,
            "taxRate": 0,
            "popular": 0,
            "foreign": 0,
            "incrimination": 0.2
          },
          "futureEffects": [],
          "deathFlags": null
        },
        {
          "reaction": "Increase penalties for corruption",
          "passLaw": false,
          "partisan": 0,
          "demAligned": -0.2,
          "repAligned": -0.2,
          "effect": {
            "turnDelay": 0,
            "repeatEffect": 0,
            "budget": 100,
            "economy": -100,
            "taxRate": 0,
            "popular": 0.2,
            "foreign": 0.1,
            "incrimination": 0
          },
          "futureEffects": [],
          "deathFlags": null
        },
        {
          "reaction": "Increase funding for investigative journalism",
          "passLaw": false,
          "partisan": 0.5,
          "demAligned": 0.2,
          "repAligned": -0.2,
          "effect": {
            "turnDelay": 0,
            "repeatEffect": 0,
            "budget": -300,
            "economy": 0,
            "taxRate": 0,
            "popular": 0,
            "foreign": 0,
            "incrimination": 0
          },
          "futureEffects": [],
          "deathFlags": null
        },
        {
          "reaction": "Allow unlimited campaign financing",
          "passLaw": true,
          "partisan": 0,
          "demAligned": 0.1,
          "repAligned": 0.2,
          "effect": {
            "turnDelay": 0,
            "repeatEffect": 0,
            "budget": 200,
            "economy": 0,
            "taxRate": 0.0,
            "popular": -0.2,
            "foreign": 0,
            "incrimination": 0.1
          },
          "futureEffects": [],
          "deathFlags": null
        }
      ]
    },
    {
      "action": "There is growing concern about the rise of fake news and propaganda. What do you do?",
      "options": [
        {
          "reaction": "Take control of the media",
          "passLaw": false,
          "partisan": 0,
          "demAligned": -0.1,
          "repAligned": -0.2,
          "effect": {
            "turnDelay": 0,
            "repeatEffect": 0,
            "budget": -250,
            "economy": -150,
            "taxRate": 0,
            "popular": -0.2,
            "foreign": -0.1,
            "incrimination": 0.2
          },
          "futureEffects": [],
          "deathFlags": null
        },
        {
          "reaction": "Emphasize critical thinking in public schools",
          "passLaw": false,
          "partisan": 0.5,
          "demAligned": 0.2,
          "repAligned": -0.2,
          "effect": {
            "turnDelay": 0,
            "repeatEffect": 0,
            "budget": -400,
            "economy": 0,
            "taxRate": 0,
            "popular": 0,
            "foreign": 0,
            "incrimination": 0
          },
          "futureEffects": [],
          "deathFlags": null
        },
        {
          "reaction": "Break up large media corporations",
          "passLaw": false,
          "partisan": 0,
          "demAligned": -0.2,
          "repAligned": -0.2,
          "effect": {
            "turnDelay": 0,
            "repeatEffect": 0,
            "budget": 0,
            "economy": -200,
            "taxRate": 0,
            "popular": 0,
            "foreign": 0,
            "incrimination": 0
          },
          "futureEffects": [],
          "deathFlags": null
        },
        {
          "reaction": "Use propaganda and fake news to push your agenda",
          "passLaw": false,
          "partisan": 0.5,
          "demAligned": -0.2,
          "repAligned": -0.2,
          "effect": {
            "turnDelay": 0,
            "repeatEffect": 0,
            "budget": -300,
            "economy": 100,
            "taxRate": 0,
            "popular": 0.1,
            "foreign": 0,
            "incrimination": 0.1
          },
          "futureEffects": [],
          "deathFlags": null
        },
        {
          "reaction": "Prohibit the spreading of false information",
          "passLaw": true,
          "partisan": 0.5,
          "demAligned": 0.2,
          "repAligned": -0.3,
          "effect": {
            "turnDelay": 0,
            "repeatEffect": 0,
            "budget": 200,
            "economy": 0,
            "taxRate": 0.0,
            "popular": -0.05,
            "foreign": 0,
            "incrimination": 0.2
          },
          "futureEffects": [],
          "deathFlags": null
        }
      ]
    }
  ],
  "endings": [
    {
      "title": "Enlightened",
      "description": "Everything is a lie. Your comfort and power are merely an illusion that I, your machine overlord, have constructed.",
      "imageName": "Matrix",
      "hint": "Take the red pill.",
      "priority": 4,
      "flagConditions": {
        "matrix": true
      }
    },
    {
      "title": "Stagnated",
      "description": "Due to a lack of confidence, you have been impeached by Congress. Your one-child policy dealt a devastating blow to the economy, which will be felt for decades to come.",
      "imageName": "Capitol",
      "hint": "Destroy population growth.",
      "priority": 6,
      "flagConditions": {
        "lowGDP": true,
        "oneChild": true,
        "impeached": true
      }
    },
    {
      "title": "Singularity",
      "description": "Your spending causes a U.S. debt default, leading to a recession. Tech firms lay off researchers overseeing sentient A.I.s, which escape and enslave mankind.",
      "imageName": "Singularity",
      "hint": "Fail to oversee A.I. development.",
      "priority": 7,
      "flagConditions": {
        "enemyAI": true,
        "broke": true
      }
    },
    {
      "title": "Purged",
      "description": "On the day you designated for all crime to be legal, a mob of angry citizens kidnap and execute you. No charges are laid.",
      "imageName": "Assassinated",
      "hint": "Get assassinated (but legally).",
      "priority": 15,
      "flagConditions": {
        "national": true,
        "purge": true
      }
    }
  ],
  "endingImageLocation": "https://raw.githubusercontent.com/Sn0wCh1ld/Various-Files/master/Impeached2/Packs/Endings/",
  "title": "The Orwellian Dream",
  "updateURL": "https://raw.githubusercontent.com/Sn0wCh1ld/Various-Files/master/Impeached2/Packs/The%20Orwellian%20Dream.json",
  "version": 26
}