{
  "author": "Impeached 2",
  "iapId": "deck_47",
  "scenarios": [
    {
      "action": "You are creating a sovereign wealth fund to make America richer, but need to decide what to invest in. What do you choose?",
      "options": [
        {
          "reaction": "U.S. companies",
          "passLaw": false,
          "partisan": 0.0,
          "demAligned": 0.1,
          "repAligned": 0.1,
          "effect": {
            "turnDelay": 0,
            "repeatEffect": 0,
            "budget": -500,
            "economy": 100,
            "taxRate": 0.0,
            "popular": 0.05,
            "foreign": 0.0,
            "incrimination": 0.0
          },
          "futureEffects": null,
          "deathFlags": null
        },
        {
          "reaction": "Bitcoin",
          "passLaw": false,
          "partisan": 0.0,
          "demAligned": -0.15,
          "repAligned": -0.1,
          "effect": {
            "turnDelay": 0,
            "repeatEffect": 0,
            "budget": -500,
            "economy": 150,
            "taxRate": 0.0,
            "popular": -0.1,
            "foreign": 0.0,
            "incrimination": 0.0
          },
          "futureEffects": null,
          "deathFlags": null
        },
        {
          "reaction": "Gold & Silver",
          "passLaw": false,
          "partisan": 0.0,
          "demAligned": 0.0,
          "repAligned": 0.0,
          "effect": {
            "turnDelay": 0,
            "repeatEffect": 0,
            "budget": -500,
            "economy": 50,
            "taxRate": 0.0,
            "popular": 0.0,
            "foreign": 0.0,
            "incrimination": 0.0
          },
          "futureEffects": null,
          "deathFlags": null
        },
        {
          "reaction": "Copy your personal portfolio",
          "passLaw": false,
          "partisan": 0.0,
          "demAligned": -0.15,
          "repAligned": -0.15,
          "effect": {
            "turnDelay": 0,
            "repeatEffect": 0,
            "budget": -500,
            "economy": 150,
            "taxRate": 0.0,
            "popular": -0.05,
            "foreign": 0.0,
            "incrimination": 0.1
          },
          "futureEffects": null,
          "deathFlags": null
        },
        {
          "reaction": "Foreign companies",
          "passLaw": false,
          "partisan": 0.0,
          "demAligned": -0.1,
          "repAligned": -0.15,
          "effect": {
            "turnDelay": 0,
            "repeatEffect": 0,
            "budget": -500,
            "economy": 50,
            "taxRate": 0.0,
            "popular": -0.1,
            "foreign": 0.15,
            "incrimination": 0.0
          },
          "futureEffects": null,
          "deathFlags": null
        }
      ]
    },
    {
      "action": "The U.S. is facing a fentanyl crisis, which is causing deaths all over the country. What do you do?",
      "options": [
        {
          "reaction": "Blame neighboring countries for allowing fentanyl to enter the U.S.",
          "passLaw": false,
          "partisan": 0.67,
          "demAligned": -0.15,
          "repAligned": 0.15,
          "effect": {
            "turnDelay": 0,
            "repeatEffect": 0,
            "budget": 0,
            "economy": 0,
            "taxRate": 0.0,
            "popular": 0.0,
            "foreign": -0.1,
            "incrimination": 0.0
          },
          "futureEffects": null,
          "deathFlags": null
        },
        {
          "reaction": "Appoint a task force to find and arrest fentanyl dealers in the U.S.",
          "passLaw": false,
          "partisan": 0.0,
          "demAligned": 0.1,
          "repAligned": 0.1,
          "effect": {
            "turnDelay": 0,
            "repeatEffect": 0,
            "budget": -400,
            "economy": 0,
            "taxRate": 0.0,
            "popular": 0.1,
            "foreign": 0.0,
            "incrimination": 0.0
          },
          "futureEffects": null,
          "deathFlags": null
        },
        {
          "reaction": "Ban fentanyl from being legally produced and prescribed as medicine",
          "passLaw": true,
          "partisan": 0.5,
          "demAligned": -0.1,
          "repAligned": 0.1,
          "effect": {
            "turnDelay": 0,
            "repeatEffect": 0,
            "budget": 0,
            "economy": -50,
            "taxRate": 0.0,
            "popular": 0.0,
            "foreign": 0.0,
            "incrimination": 0.0
          },
          "futureEffects": null,
          "deathFlags": null
        },
        {
          "reaction": "Legalize and fund medically supervised safe injection sites",
          "passLaw": true,
          "partisan": 0.5,
          "demAligned": 0.1,
          "repAligned": -0.2,
          "effect": {
            "turnDelay": 0,
            "repeatEffect": 0,
            "budget": -350,
            "economy": 0,
            "taxRate": 0.0,
            "popular": 0.0,
            "foreign": 0.0,
            "incrimination": 0.0
          },
          "futureEffects": null,
          "deathFlags": null
        }
      ]
    },
    {
      "action": "There are many illegal immigrants in the prison system. What do you do?",
      "options": [
        {
          "reaction": "Deport them back to their country of origin",
          "passLaw": false,
          "partisan": 0.67,
          "demAligned": -0.15,
          "repAligned": 0.15,
          "effect": {
            "turnDelay": 0,
            "repeatEffect": 0,
            "budget": -200,
            "economy": 0,
            "taxRate": 0.0,
            "popular": 0.0,
            "foreign": -0.15,
            "incrimination": 0.0
          },
          "futureEffects": null,
          "deathFlags": null
        },
        {
          "reaction": "Pay any willing country to take them",
          "passLaw": false,
          "partisan": 0.67,
          "demAligned": -0.15,
          "repAligned": 0.15,
          "effect": {
            "turnDelay": 0,
            "repeatEffect": 0,
            "budget": -350,
            "economy": 0,
            "taxRate": 0.0,
            "popular": 0.0,
            "foreign": 0.0,
            "incrimination": 0.0
          },
          "futureEffects": null,
          "deathFlags": null
        },
        {
          "reaction": "Send them to Guantanamo Bay",
          "passLaw": false,
          "partisan": 0.5,
          "demAligned": -0.2,
          "repAligned": 0.0,
          "effect": {
            "turnDelay": 0,
            "repeatEffect": 0,
            "budget": -150,
            "economy": 0,
            "taxRate": 0.0,
            "popular": -0.1,
            "foreign": -0.15,
            "incrimination": 0.1
          },
          "futureEffects": null,
          "deathFlags": null
        },
        {
          "reaction": "Leave them to serve their sentences",
          "passLaw": false,
          "partisan": 0.67,
          "demAligned": 0.15,
          "repAligned": -0.15,
          "effect": {
            "turnDelay": 0,
            "repeatEffect": 0,
            "budget": 0,
            "economy": -100,
            "taxRate": 0.0,
            "popular": 0.0,
            "foreign": 0.0,
            "incrimination": 0.0
          },
          "futureEffects": null,
          "deathFlags": null
        }
      ]
    },
    {
      "action": "Voters are complaining that the government is wasting their tax dollars while they are struggling to provide for their families. What do you do?",
      "options": [
        {
          "reaction": "Implement a Department of Government Efficiency to audit spending",
          "passLaw": false,
          "partisan": 0.67,
          "demAligned": -0.15,
          "repAligned": 0.15,
          "effect": {
            "turnDelay": 0,
            "repeatEffect": 0,
            "budget": -250,
            "economy": 150,
            "taxRate": 0.0,
            "popular": 0.05,
            "foreign": 0.0,
            "incrimination": 0.0
          },
          "futureEffects": null,
          "deathFlags": null
        },
        {
          "reaction": "Cut foreign aid",
          "passLaw": false,
          "partisan": 0.67,
          "demAligned": -0.15,
          "repAligned": 0.15,
          "effect": {
            "turnDelay": 0,
            "repeatEffect": 0,
            "budget": 200,
            "economy": 50,
            "taxRate": 0.0,
            "popular": 0.0,
            "foreign": -0.15,
            "incrimination": 0.0
          },
          "futureEffects": null,
          "deathFlags": null
        },
        {
          "reaction": "Reduce income taxes",
          "passLaw": false,
          "partisan": 1.0,
          "demAligned": -0.1,
          "repAligned": 0.1,
          "effect": {
            "turnDelay": 0,
            "repeatEffect": 0,
            "budget": 0,
            "economy": 100,
            "taxRate": -0.02,
            "popular": 0.0,
            "foreign": 0.0,
            "incrimination": 0.0
          },
          "futureEffects": null,
          "deathFlags": null
        },
        {
          "reaction": "Send them a stimulus check",
          "passLaw": false,
          "partisan": 0.0,
          "demAligned": 0.1,
          "repAligned": -0.1,
          "effect": {
            "turnDelay": 0,
            "repeatEffect": 0,
            "budget": -400,
            "economy": 50,
            "taxRate": 0.0,
            "popular": 0.05,
            "foreign": 0.0,
            "incrimination": 0.0
          },
          "futureEffects": null,
          "deathFlags": null
        }
      ]
    },
    {
      "action": "Manufacturing jobs are leaving the U.S. for countries where it is cheaper. What do you do?",
      "options": [
        {
          "reaction": "Impose tariffs to protect American auto and steel industries",
          "passLaw": false,
          "partisan": 1.0,
          "demAligned": -0.15,
          "repAligned": 0.1,
          "effect": {
            "turnDelay": 0,
            "repeatEffect": 0,
            "budget": 0,
            "economy": -50,
            "taxRate": 0.0,
            "popular": 0.05,
            "foreign": -0.1,
            "incrimination": 0.0
          },
          "futureEffects": null,
          "deathFlags": null
        },
        {
          "reaction": "Offer tax breaks to companies who manufacture in the U.S.",
          "passLaw": false,
          "partisan": 1.0,
          "demAligned": -0.1,
          "repAligned": 0.1,
          "effect": {
            "turnDelay": 0,
            "repeatEffect": 0,
            "budget": 0,
            "economy": 100,
            "taxRate": -0.02,
            "popular": 0.05,
            "foreign": 0.0,
            "incrimination": 0.0
          },
          "futureEffects": null,
          "deathFlags": null
        },
        {
          "reaction": "Offer free education to individuals who lose a manufacturing job",
          "passLaw": true,
          "partisan": 0.0,
          "demAligned": 0.2,
          "repAligned": 0.1,
          "effect": {
            "turnDelay": 0,
            "repeatEffect": 0,
            "budget": -600,
            "economy": 100,
            "taxRate": 0.0,
            "popular": 0.05,
            "foreign": 0.0,
            "incrimination": 0.0
          },
          "futureEffects": null,
          "deathFlags": null
        },
        {
          "reaction": "Directly subsidize U.S. manufacturing",
          "passLaw": false,
          "partisan": 0.0,
          "demAligned": 0.1,
          "repAligned": 0.1,
          "effect": {
            "turnDelay": 0,
            "repeatEffect": 0,
            "budget": -700,
            "economy": 0,
            "taxRate": 0.0,
            "popular": 0.1,
            "foreign": 0.0,
            "incrimination": 0.0
          },
          "futureEffects": null,
          "deathFlags": null
        }
      ]
    },
    {
      "action": "A dispute arises with Canada over their natural resources, trade deficit, and military spending among other issues. What do you do?",
      "options": [
        {
          "reaction": "Pressure them to become the 51st state",
          "passLaw": false,
          "partisan": 0.0,
          "demAligned": 0.0,
          "repAligned": 0.0,
          "effect": {
            "turnDelay": 0,
            "repeatEffect": 0,
            "budget": 0,
            "economy": 200,
            "taxRate": 0.0,
            "popular": 0.05,
            "foreign": -0.2,
            "incrimination": 0.0
          },
          "futureEffects": null,
          "deathFlags": {
            "flags": {
              "canada": true
            }
          }
        },
        {
          "reaction": "Impose tariffs on their products",
          "passLaw": false,
          "partisan": 0.67,
          "demAligned": -0.15,
          "repAligned": 0.15,
          "effect": {
            "turnDelay": 0,
            "repeatEffect": 0,
            "budget": 0,
            "economy": -100,
            "taxRate": 0.0,
            "popular": 0.0,
            "foreign": -0.1,
            "incrimination": 0.0
          },
          "futureEffects": null,
          "deathFlags": null
        },
        {
          "reaction": "Encourage them to join the European Union for support",
          "passLaw": false,
          "partisan": 0.0,
          "demAligned": 0.0,
          "repAligned": 0.0,
          "effect": {
            "turnDelay": 0,
            "repeatEffect": 0,
            "budget": 0,
            "economy": 0,
            "taxRate": 0.0,
            "popular": 0.0,
            "foreign": -0.1,
            "incrimination": 0.0
          },
          "futureEffects": null,
          "deathFlags": null
        },
        {
          "reaction": "Hold a summit to negotiate the issues",
          "passLaw": false,
          "partisan": 0.0,
          "demAligned": 0.0,
          "repAligned": 0.0,
          "effect": {
            "turnDelay": 0,
            "repeatEffect": 0,
            "budget": -400,
            "economy": 0,
            "taxRate": 0.0,
            "popular": 0.0,
            "foreign": 0.05,
            "incrimination": 0.0
          },
          "futureEffects": null,
          "deathFlags": null
        }
      ]
    },
    {
      "action": "Education in America has fallen behind most other developed nations, while being much more expensive. What do you do?",
      "options": [
        {
          "reaction": "Abolish the Department of Education and send its responsibilities to the states",
          "passLaw": false,
          "partisan": 1.0,
          "demAligned": -0.1,
          "repAligned": 0.1,
          "effect": {
            "turnDelay": 0,
            "repeatEffect": 0,
            "budget": 0,
            "economy": 0,
            "taxRate": 0.0,
            "popular": 0.0,
            "foreign": 0.0,
            "incrimination": 0.0
          },
          "futureEffects": null,
          "deathFlags": null
        },
        {
          "reaction": "Privatize educational curriculums and standards",
          "passLaw": false,
          "partisan": 0.0,
          "demAligned": -0.1,
          "repAligned": 0.0,
          "effect": {
            "turnDelay": 0,
            "repeatEffect": 0,
            "budget": 0,
            "economy": 100,
            "taxRate": 0.0,
            "popular": 0.0,
            "foreign": 0.0,
            "incrimination": 0.0
          },
          "futureEffects": null,
          "deathFlags": null
        },
        {
          "reaction": "Allow parents to vote on their children’s curriculums",
          "passLaw": true,
          "partisan": 0.65,
          "demAligned": -0.15,
          "repAligned": 0.15,
          "effect": {
            "turnDelay": 0,
            "repeatEffect": 0,
            "budget": 0,
            "economy": 0,
            "taxRate": 0.0,
            "popular": 0.0,
            "foreign": 0.0,
            "incrimination": 0.0
          },
          "futureEffects": null,
          "deathFlags": null
        },
        {
          "reaction": "Send additional funding to poorly-performing schools",
          "passLaw": false,
          "partisan": 0.67,
          "demAligned": 0.15,
          "repAligned": -0.15,
          "effect": {
            "turnDelay": 0,
            "repeatEffect": 0,
            "budget": -450,
            "economy": 100,
            "taxRate": 0.0,
            "popular": 0.0,
            "foreign": 0.0,
            "incrimination": 0.0
          },
          "futureEffects": null,
          "deathFlags": null
        }
      ]
    },
    {
      "action": "A neighboring country which owns a major shipping route is being influenced by an enemy nation. What do you do?",
      "options": [
        {
          "reaction": "Negotiate to buy the shipping route",
          "passLaw": false,
          "partisan": 0.0,
          "demAligned": 0.1,
          "repAligned": 0.1,
          "effect": {
            "turnDelay": 0,
            "repeatEffect": 0,
            "budget": -700,
            "economy": 150,
            "taxRate": 0.0,
            "popular": 0.05,
            "foreign": -0.05,
            "incrimination": 0.0
          },
          "futureEffects": null,
          "deathFlags": null
        },
        {
          "reaction": "Threaten economic sanctions if they keep working with American enemies",
          "passLaw": false,
          "partisan": 0.0,
          "demAligned": 0.0,
          "repAligned": 0.1,
          "effect": {
            "turnDelay": 0,
            "repeatEffect": 0,
            "budget": 0,
            "economy": -50,
            "taxRate": 0.0,
            "popular": 0.0,
            "foreign": -0.15,
            "incrimination": 0.0
          },
          "futureEffects": null,
          "deathFlags": null
        },
        {
          "reaction": "Negotiate free passage for American ships",
          "passLaw": false,
          "partisan": 0.0,
          "demAligned": 0.1,
          "repAligned": 0.15,
          "effect": {
            "turnDelay": 0,
            "repeatEffect": 0,
            "budget": -500,
            "economy": 50,
            "taxRate": 0.0,
            "popular": 0.0,
            "foreign": 0.0,
            "incrimination": 0.0
          },
          "futureEffects": null,
          "deathFlags": null
        },
        {
          "reaction": "Offer them foreign aid if they stop working with your enemies",
          "passLaw": false,
          "partisan": 0.5,
          "demAligned": 0.1,
          "repAligned": 0.0,
          "effect": {
            "turnDelay": 0,
            "repeatEffect": 0,
            "budget": -550,
            "economy": 0,
            "taxRate": 0.0,
            "popular": 0.0,
            "foreign": 0.0,
            "incrimination": 0.0
          },
          "futureEffects": null,
          "deathFlags": null
        }
      ]
    },
    {
      "action": "The U.S. has been supporting a European nation under attack, but the war has become too expensive. What do you do?",
      "options": [
        {
          "reaction": "Negotiate for natural resources in exchange for your continued support",
          "passLaw": false,
          "partisan": 0.0,
          "demAligned": 0.1,
          "repAligned": 0.15,
          "effect": {
            "turnDelay": 0,
            "repeatEffect": 0,
            "budget": -500,
            "economy": 50,
            "taxRate": 0.0,
            "popular": 0.1,
            "foreign": -0.05,
            "incrimination": 0.0
          },
          "futureEffects": null,
          "deathFlags": null
        },
        {
          "reaction": "Threaten other European nations with economic action if they do not pitch in",
          "passLaw": false,
          "partisan": 0.67,
          "demAligned": -0.15,
          "repAligned": 0.15,
          "effect": {
            "turnDelay": 0,
            "repeatEffect": 0,
            "budget": 0,
            "economy": 0,
            "taxRate": 0.0,
            "popular": 0.0,
            "foreign": -0.1,
            "incrimination": 0.0
          },
          "futureEffects": null,
          "deathFlags": null
        },
        {
          "reaction": "Raise taxes to afford the war",
          "passLaw": false,
          "partisan": 0.5,
          "demAligned": 0.1,
          "repAligned": -0.2,
          "effect": {
            "turnDelay": 0,
            "repeatEffect": 0,
            "budget": -500,
            "economy": 0,
            "taxRate": 0.01,
            "popular": -0.15,
            "foreign": 0.05,
            "incrimination": 0.0
          },
          "futureEffects": null,
          "deathFlags": null
        },
        {
          "reaction": "Host talks to end the war with borders drawn at the current frontlines",
          "passLaw": false,
          "partisan": 0.5,
          "demAligned": -0.2,
          "repAligned": 0.1,
          "effect": {
            "turnDelay": 0,
            "repeatEffect": 0,
            "budget": -250,
            "economy": 0,
            "taxRate": 0.0,
            "popular": 0.0,
            "foreign": -0.15,
            "incrimination": 0.0
          },
          "futureEffects": null,
          "deathFlags": null
        }
      ]
    },
    {
      "action": "The U.S. is increasingly relying on foreign nations for energy, particularly oil and natural gas. What do you do?",
      "options": [
        {
          "reaction": "Deregulate oil & gas drilling to increase supply",
          "passLaw": false,
          "partisan": 0.5,
          "demAligned": -0.2,
          "repAligned": 0.2,
          "effect": {
            "turnDelay": 0,
            "repeatEffect": 0,
            "budget": 0,
            "economy": 100,
            "taxRate": 0.0,
            "popular": 0.0,
            "foreign": -0.1,
            "incrimination": 0.0
          },
          "futureEffects": null,
          "deathFlags": null
        },
        {
          "reaction": "Reform nuclear power regulations to allow more innovation",
          "passLaw": false,
          "partisan": 0.0,
          "demAligned": -0.05,
          "repAligned": -0.05,
          "effect": {
            "turnDelay": 0,
            "repeatEffect": 0,
            "budget": 0,
            "economy": 100,
            "taxRate": 0.0,
            "popular": -0.05,
            "foreign": 0.0,
            "incrimination": 0.0
          },
          "futureEffects": null,
          "deathFlags": null
        },
        {
          "reaction": "Reopen coal power plants",
          "passLaw": false,
          "partisan": 0.67,
          "demAligned": -0.15,
          "repAligned": 0.15,
          "effect": {
            "turnDelay": 0,
            "repeatEffect": 0,
            "budget": -300,
            "economy": 100,
            "taxRate": 0.0,
            "popular": 0.0,
            "foreign": 0.0,
            "incrimination": 0.0
          },
          "futureEffects": null,
          "deathFlags": null
        },
        {
          "reaction": "Keep relying on other nations",
          "passLaw": false,
          "partisan": 1.0,
          "demAligned": 0.1,
          "repAligned": -0.1,
          "effect": {
            "turnDelay": 0,
            "repeatEffect": 0,
            "budget": 0,
            "economy": 0,
            "taxRate": 0.0,
            "popular": -0.05,
            "foreign": 0.0,
            "incrimination": 0.0
          },
          "futureEffects": null,
          "deathFlags": null
        }
      ]
    }
  ],
  "endings": [
    {
      "title": "Empire",
      "description": "Your term may have ended sooner than expected but the effects of your expansionist policies will last a very long time.",
      "imageName": "Empire",
      "hint": "Gain a new state.",
      "priority": 10,
      "flagConditions": {
        "canada": true
      }
    }
  ],
  "overlays": [
    {
      "title": "",
      "description": "",
      "imageName": "EmpireOverlay",
      "zPos": 14,
      "flagConditions": {
        "canada": true
      }
    }
  ],
  "endingImageLocation": "https://raw.githubusercontent.com/Sn0wCh1ld/Various-Files/master/Impeached2/Packs/Endings/",
  "title": "President 47",
  "updateURL": "https://raw.githubusercontent.com/snowfrz/Various-Files/master/Impeached2/Packs/President%2047.json",
  "version": 15
}