{
  "author": "Impeached 2",
  "iapId": "deck_aliens",
  "scenarios": [
    {
      "action": "An object made of an unidentified material has been found on a remote island in international waters. How do you handle the situation?",
      "options": [
        {
          "reaction": "Extract the object and securely contain it in the U.S. for study",
          "passLaw": false,
          "partisan": 0.5,
          "demAligned": 0.2,
          "repAligned": -0.3,
          "effect": {
            "turnDelay": 0,
            "repeatEffect": 0,
            "budget": -600,
            "economy": 100,
            "taxRate": 0.0,
            "popular": -0.1,
            "foreign": -0.1,
            "incrimination": 0.0
          },
          "futureEffects": [],
          "deathFlags": null
        },
        {
          "reaction": "Annex the island to claim the artifact for the U.S.",
          "passLaw": false,
          "partisan": 0,
          "demAligned": 0.1,
          "repAligned": 0.3,
          "effect": {
            "turnDelay": 0,
            "repeatEffect": 0,
            "budget": -500,
            "economy": 100,
            "taxRate": 0.0,
            "popular": 0.1,
            "foreign": -0.2,
            "incrimination": 0.0
          },
          "futureEffects": [],
          "deathFlags": null
        },
        {
          "reaction": "Help fund an international effort to study the object",
          "passLaw": false,
          "partisan": 0.5,
          "demAligned": 0.1,
          "repAligned": -0.2,
          "effect": {
            "turnDelay": 0,
            "repeatEffect": 0,
            "budget": -600,
            "economy": 0,
            "taxRate": 0.0,
            "popular": 0.1,
            "foreign": 0.1,
            "incrimination": 0.0
          },
          "futureEffects": [],
          "deathFlags": null
        },
        {
          "reaction": "Steal the object and sell it to private companies",
          "passLaw": false,
          "partisan": 0,
          "demAligned": 0,
          "repAligned": 0.1,
          "effect": {
            "turnDelay": 0,
            "repeatEffect": 0,
            "budget": -0,
            "economy": 150,
            "taxRate": 0.0,
            "popular": -0.1,
            "foreign": -0.3,
            "incrimination": 0.2
          },
          "futureEffects": [],
          "deathFlags": null
        }
      ]
    },
    {
      "action": "A military test goes wrong and an aircraft crashes into a small town. Residents claim it to be an alien ship. What do you do?",
      "options": [
        {
          "reaction": "Brush them off as conspiracy theorists",
          "passLaw": false,
          "partisan": 0.0,
          "demAligned": 0.1,
          "repAligned": 0.1,
          "effect": {
            "turnDelay": 0,
            "repeatEffect": 0,
            "budget": 0,
            "economy": 0,
            "taxRate": 0.0,
            "popular": -0.1,
            "foreign": 0.0,
            "incrimination": 0.1
          },
          "futureEffects": [],
          "deathFlags": null
        },
        {
          "reaction": "Admit to conducting military tests in the area",
          "passLaw": false,
          "partisan": 0,
          "demAligned": -0.1,
          "repAligned": -0.2,
          "effect": {
            "turnDelay": 0,
            "repeatEffect": 0,
            "budget": 0,
            "economy": 0,
            "taxRate": 0.0,
            "popular": -0.2,
            "foreign": 0.0,
            "incrimination": 0.0
          },
          "futureEffects": [],
          "deathFlags": null
        },
        {
          "reaction": "Appoint a phony committee to \"investigate\" the crash",
          "passLaw": false,
          "partisan": 0.0,
          "demAligned": 0.1,
          "repAligned": 0.1,
          "effect": {
            "turnDelay": 0,
            "repeatEffect": 0,
            "budget": -450,
            "economy": 0,
            "taxRate": 0.0,
            "popular": 0.1,
            "foreign": 0.0,
            "incrimination": 0.0
          },
          "futureEffects": [],
          "deathFlags": null
        },
        {
          "reaction": "Ban military testing near inhabited areas",
          "passLaw": true,
          "partisan": 0,
          "demAligned": -0.1,
          "repAligned": -0.2,
          "effect": {
            "turnDelay": 0,
            "repeatEffect": 0,
            "budget": 0,
            "economy": -150,
            "taxRate": 0.0,
            "popular": 0.1,
            "foreign": 0.0,
            "incrimination": 0.0
          },
          "futureEffects": [],
          "deathFlags": null
        }
      ]
    },
    {
      "action": "An asteroid is on a collision course with Earth and scientists have determined that it will hit in a few years. What do you do?",
      "options": [
        {
          "reaction": "Initiate a joint international mission to deflect the asteroid",
          "passLaw": false,
          "partisan": 0.0,
          "demAligned": 0.1,
          "repAligned": 0,
          "effect": {
            "turnDelay": 0,
            "repeatEffect": 0,
            "budget": -400,
            "economy": 0,
            "taxRate": 0.0,
            "popular": 0.1,
            "foreign": 0.1,
            "incrimination": 0
          },
          "futureEffects": [],
          "deathFlags": null
        },
        {
          "reaction": "Destroy the asteroid with nuclear weapons",
          "passLaw": false,
          "partisan": 0,
          "demAligned": 0.1,
          "repAligned": 0.2,
          "effect": {
            "turnDelay": 0,
            "repeatEffect": 0,
            "budget": -550,
            "economy": 0,
            "taxRate": 0.0,
            "popular": 0.2,
            "foreign": 0.0,
            "incrimination": 0.0
          },
          "futureEffects": [],
          "deathFlags": null
        },
        {
          "reaction": "Ignore the warnings",
          "passLaw": false,
          "partisan": 0.0,
          "demAligned": -0.3,
          "repAligned": -0.1,
          "effect": {
            "turnDelay": 0,
            "repeatEffect": 0,
            "budget": 0,
            "economy": 0,
            "taxRate": 0.0,
            "popular": -0.2,
            "foreign": -0.1,
            "incrimination": 0.0
          },
          "futureEffects": [],
          "deathFlags": {
            "flags": {
              "asteroid": true
            }
          }
        },
        {
          "reaction": "Crash a spaceship into the asteroid to alter its trajectory",
          "passLaw": false,
          "partisan": 0,
          "demAligned": 0.1,
          "repAligned": 0.1,
          "effect": {
            "turnDelay": 0,
            "repeatEffect": 0,
            "budget": -450,
            "economy": 0,
            "taxRate": 0.0,
            "popular": 0.1,
            "foreign": 0.0,
            "incrimination": 0.0
          },
          "futureEffects": [],
          "deathFlags": null
        }
      ]
    },
    {
      "action": "A private company has developed new rocket technology that drastically reduces the cost of space travel. How do you respond?",
      "options": [
        {
          "reaction": "Invest in the company and provide funding for further development",
          "passLaw": false,
          "partisan": 0.5,
          "demAligned": 0.3,
          "repAligned": -0.1,
          "effect": {
            "turnDelay": 0,
            "repeatEffect": 0,
            "budget": -600,
            "economy": 100,
            "taxRate": 0.0,
            "popular": 0,
            "foreign": 0,
            "incrimination": 0
          },
          "futureEffects": [],
          "deathFlags": null
        },
        {
          "reaction": "Compete with the company by investing in government-funded space programs",
          "passLaw": false,
          "partisan": 0.5,
          "demAligned": 0.1,
          "repAligned": -0.3,
          "effect": {
            "turnDelay": 0,
            "repeatEffect": 0,
            "budget": -500,
            "economy": 0,
            "taxRate": 0.0,
            "popular": 0,
            "foreign": 0.0,
            "incrimination": 0.0
          },
          "futureEffects": [],
          "deathFlags": null
        },
        {
          "reaction": "Break up the company to prevent a monopoly on space travel",
          "passLaw": false,
          "partisan": 0.0,
          "demAligned": 0.2,
          "repAligned": -0.3,
          "effect": {
            "turnDelay": 0,
            "repeatEffect": 0,
            "budget": 0,
            "economy": -150,
            "taxRate": 0.0,
            "popular": -0.1,
            "foreign": 0,
            "incrimination": 0.0
          },
          "futureEffects": [],
          "deathFlags": null
        },
        {
          "reaction": "Attempt to nationalize the company",
          "passLaw": true,
          "partisan": 0.5,
          "demAligned": -0.1,
          "repAligned": -0.3,
          "effect": {
            "turnDelay": 0,
            "repeatEffect": 0,
            "budget": -300,
            "economy": -100,
            "taxRate": 0.0,
            "popular": 0,
            "foreign": 0.0,
            "incrimination": 0.0
          },
          "futureEffects": [],
          "deathFlags": null
        }
      ]
    },
    {
      "action": "Another habitable planet is discovered near Earth. How do you respond?",
      "options": [
        {
          "reaction": "Send a probe to the planet to gather more information",
          "passLaw": false,
          "partisan": 0,
          "demAligned": 0.2,
          "repAligned": 0.1,
          "effect": {
            "turnDelay": 0,
            "repeatEffect": 0,
            "budget": -400,
            "economy": 0,
            "taxRate": 0.0,
            "popular": 0.1,
            "foreign": 0,
            "incrimination": 0
          },
          "futureEffects": [],
          "deathFlags": null
        },
        {
          "reaction": "Collaborate with other countries to explore and colonize the planet",
          "passLaw": false,
          "partisan": 0,
          "demAligned": -0.1,
          "repAligned": -0.3,
          "effect": {
            "turnDelay": 0,
            "repeatEffect": 0,
            "budget": -500,
            "economy": 0,
            "taxRate": 0.0,
            "popular": 0.1,
            "foreign": 0.1,
            "incrimination": 0.0
          },
          "futureEffects": [],
          "deathFlags": null
        },
        {
          "reaction": "Claim the planet for American military and industrial use",
          "passLaw": false,
          "partisan": 0.0,
          "demAligned": 0.2,
          "repAligned": 0.3,
          "effect": {
            "turnDelay": 0,
            "repeatEffect": 0,
            "budget": -700,
            "economy": 150,
            "taxRate": 0.0,
            "popular": 0.1,
            "foreign": -0.2,
            "incrimination": 0.0
          },
          "futureEffects": [],
          "deathFlags": null
        },
        {
          "reaction": "Attempt to contact any aliens that may live there",
          "passLaw": false,
          "partisan": 0,
          "demAligned": 0,
          "repAligned": 0,
          "effect": {
            "turnDelay": 0,
            "repeatEffect": 0,
            "budget": -300,
            "economy": 0,
            "taxRate": 0.0,
            "popular": 0,
            "foreign": 0.0,
            "incrimination": 0.0
          },
          "futureEffects": [],
          "deathFlags": {
            "flags": {
              "aliens": true
            }
          }
        }
      ]
    },
    {
      "action": "A satellite owned by a foreign government has malfunctioned and is on a collision course with a critical U.S. satellite. What do you do?",
      "options": [
        {
          "reaction": "Get them to pay for any damage caused",
          "passLaw": false,
          "partisan": 0,
          "demAligned": 0.1,
          "repAligned": 0.2,
          "effect": {
            "turnDelay": 0,
            "repeatEffect": 0,
            "budget": 100,
            "economy": -150,
            "taxRate": 0.0,
            "popular": 0.1,
            "foreign": -0.2,
            "incrimination": 0
          },
          "futureEffects": [],
          "deathFlags": null
        },
        {
          "reaction": "Send a missile to destroy the foreign satellite",
          "passLaw": false,
          "partisan": 0,
          "demAligned": 0.1,
          "repAligned": 0.1,
          "effect": {
            "turnDelay": 0,
            "repeatEffect": 0,
            "budget": -400,
            "economy": 0,
            "taxRate": 0.0,
            "popular": 0.1,
            "foreign": -0.2,
            "incrimination": 0.0
          },
          "futureEffects": [],
          "deathFlags": null
        },
        {
          "reaction": "Attempt to redirect the foreign satellite with a laser",
          "passLaw": false,
          "partisan": 0.0,
          "demAligned": 0,
          "repAligned": 0,
          "effect": {
            "turnDelay": 0,
            "repeatEffect": 0,
            "budget": -300,
            "economy": -75,
            "taxRate": 0.0,
            "popular": 0.1,
            "foreign": 0,
            "incrimination": 0.0
          },
          "futureEffects": [],
          "deathFlags": null
        },
        {
          "reaction": "Prepare to replace the American satellite",
          "passLaw": false,
          "partisan": 0,
          "demAligned": 0,
          "repAligned": 0,
          "effect": {
            "turnDelay": 0,
            "repeatEffect": 0,
            "budget": -200,
            "economy": -200,
            "taxRate": 0.0,
            "popular": -0.1,
            "foreign": 0.0,
            "incrimination": 0.0
          },
          "futureEffects": [],
          "deathFlags": null
        }
      ]
    },
    {
      "action": "The International Space Station (ISS) is approaching the end of its lifespan and needs to be decommissioned. How do you proceed?",
      "options": [
        {
          "reaction": "Strip it for parts before other countries can",
          "passLaw": false,
          "partisan": 0,
          "demAligned": -0.1,
          "repAligned": 0.1,
          "effect": {
            "turnDelay": 0,
            "repeatEffect": 0,
            "budget": 100,
            "economy": 0,
            "taxRate": 0.0,
            "popular": 0,
            "foreign": -0.1,
            "incrimination": 0
          },
          "futureEffects": [],
          "deathFlags": null
        },
        {
          "reaction": "Knock it out of orbit over an enemy country",
          "passLaw": false,
          "partisan": 0,
          "demAligned": -0.1,
          "repAligned": -0.1,
          "effect": {
            "turnDelay": 0,
            "repeatEffect": 0,
            "budget": -300,
            "economy": 0,
            "taxRate": 0.0,
            "popular": 0.1,
            "foreign": -0.2,
            "incrimination": 0.0
          },
          "futureEffects": [],
          "deathFlags": null
        },
        {
          "reaction": "Plan for a replacement station",
          "passLaw": false,
          "partisan": 0.0,
          "demAligned": 0,
          "repAligned": 0,
          "effect": {
            "turnDelay": 0,
            "repeatEffect": 0,
            "budget": -700,
            "economy": 100,
            "taxRate": 0.0,
            "popular": 0.1,
            "foreign": 0.1,
            "incrimination": 0.0
          },
          "futureEffects": [],
          "deathFlags": null
        },
        {
          "reaction": "Convert it into a space museum for billionaires",
          "passLaw": false,
          "partisan": 0,
          "demAligned": 0,
          "repAligned": 0,
          "effect": {
            "turnDelay": 0,
            "repeatEffect": 0,
            "budget": -400,
            "economy": 50,
            "taxRate": 0.0,
            "popular": -0.1,
            "foreign": 0.0,
            "incrimination": 0.0
          },
          "futureEffects": [],
          "deathFlags": null
        }
      ]
    },
    {
      "action": "Spacefaring nations are negotating a treaty to regulate the mining of resources on bodies like asteroids and foreign moons. How does it go?",
      "options": [
        {
          "reaction": "Allow unrestricted space mining for all countries",
          "passLaw": false,
          "partisan": 0.4,
          "demAligned": -0.1,
          "repAligned": 0.2,
          "effect": {
            "turnDelay": 0,
            "repeatEffect": 0,
            "budget": -400,
            "economy": 50,
            "taxRate": 0.0,
            "popular": 0,
            "foreign": 0.1,
            "incrimination": 0
          },
          "futureEffects": [],
          "deathFlags": null
        },
        {
          "reaction": "Focus on protecting other worlds from human activity",
          "passLaw": false,
          "partisan": 0.4,
          "demAligned": -0.1,
          "repAligned": -0.3,
          "effect": {
            "turnDelay": 0,
            "repeatEffect": 0,
            "budget": 0,
            "economy": 0,
            "taxRate": 0.0,
            "popular": 0,
            "foreign": -0.2,
            "incrimination": 0.0
          },
          "futureEffects": [],
          "deathFlags": null
        },
        {
          "reaction": "Only the U.S. can access these resources",
          "passLaw": false,
          "partisan": 0.4,
          "demAligned": -0.1,
          "repAligned": 0.2,
          "effect": {
            "turnDelay": 0,
            "repeatEffect": 0,
            "budget": -500,
            "economy": 100,
            "taxRate": 0.0,
            "popular": 0.2,
            "foreign": -0.3,
            "incrimination": 0.0
          },
          "futureEffects": [],
          "deathFlags": null
        },
        {
          "reaction": "Jointly fund exploration then evenly share resources",
          "passLaw": false,
          "partisan": 0.3,
          "demAligned": 0,
          "repAligned": -0.2,
          "effect": {
            "turnDelay": 0,
            "repeatEffect": 0,
            "budget": -450,
            "economy": 50,
            "taxRate": 0.0,
            "popular": -0.1,
            "foreign": 0.1,
            "incrimination": 0.0
          },
          "futureEffects": [],
          "deathFlags": null
        }
      ]
    },
    {
      "action": "The amount of space junk orbiting Earth is becoming a significant hazard for space missions and satellite operations. How do you address the issue?",
      "options": [
        {
          "reaction": "Research space junk removal technology",
          "passLaw": false,
          "partisan": 0.5,
          "demAligned": 0.2,
          "repAligned": -0.3,
          "effect": {
            "turnDelay": 0,
            "repeatEffect": 0,
            "budget": -600,
            "economy": 0,
            "taxRate": 0.0,
            "popular": 0,
            "foreign": 0.1,
            "incrimination": 0
          },
          "futureEffects": [],
          "deathFlags": null
        },
        {
          "reaction": "Implement stricter regulations around space debris production",
          "passLaw": true,
          "partisan": 0.5,
          "demAligned": 0.2,
          "repAligned": -0.3,
          "effect": {
            "turnDelay": 0,
            "repeatEffect": 0,
            "budget": 0,
            "economy": -75,
            "taxRate": 0.0,
            "popular": 0,
            "foreign": 0.1,
            "incrimination": 0.0
          },
          "futureEffects": [],
          "deathFlags": null
        },
        {
          "reaction": "Demand help from other countries to remove space junk",
          "passLaw": false,
          "partisan": 0.5,
          "demAligned": 0.2,
          "repAligned": 0,
          "effect": {
            "turnDelay": 0,
            "repeatEffect": 0,
            "budget": -400,
            "economy": 0,
            "taxRate": 0.0,
            "popular": 0,
            "foreign": -0.2,
            "incrimination": 0.0
          },
          "futureEffects": [],
          "deathFlags": null
        },
        {
          "reaction": "Tell rocket operators to \"just fly through it\"",
          "passLaw": false,
          "partisan": 0,
          "demAligned": -0.2,
          "repAligned": 0.1,
          "effect": {
            "turnDelay": 0,
            "repeatEffect": 0,
            "budget": 0,
            "economy": -150,
            "taxRate": 0.0,
            "popular": 0,
            "foreign": -0.1,
            "incrimination": 0.0
          },
          "futureEffects": [],
          "deathFlags": null
        }
      ]
    },
    {
      "action": "A NASA spacecraft carrying a crew of astronauts has been destroyed during a mission, resulting in the loss of life. How do you respond?",
      "options": [
        {
          "reaction": "Launch an investigation to determine the cause of the crash",
          "passLaw": false,
          "partisan": 0.5,
          "demAligned": 0.2,
          "repAligned": -0.1,
          "effect": {
            "turnDelay": 0,
            "repeatEffect": 0,
            "budget": -600,
            "economy": 0,
            "taxRate": 0.0,
            "popular": 0,
            "foreign": 0,
            "incrimination": 0
          },
          "futureEffects": [],
          "deathFlags": null
        },
        {
          "reaction": "Offer condolences to the affected families but otherwise do nothing",
          "passLaw": false,
          "partisan": 0,
          "demAligned": 0.1,
          "repAligned": 0.1,
          "effect": {
            "turnDelay": 0,
            "repeatEffect": 0,
            "budget": 0,
            "economy": 0,
            "taxRate": 0.0,
            "popular": -0.2,
            "foreign": 0,
            "incrimination": 0.0
          },
          "futureEffects": [],
          "deathFlags": null
        },
        {
          "reaction": "Delete records of the crash and silence the families",
          "passLaw": false,
          "partisan": 0,
          "demAligned": -0.1,
          "repAligned": -0.1,
          "effect": {
            "turnDelay": 0,
            "repeatEffect": 0,
            "budget": -400,
            "economy": 0,
            "taxRate": 0.0,
            "popular": -0.1,
            "foreign": 0,
            "incrimination": 0.2
          },
          "futureEffects": [],
          "deathFlags": null
        },
        {
          "reaction": "Increase NASA's funding for safety technology",
          "passLaw": false,
          "partisan": 0.5,
          "demAligned": 0.2,
          "repAligned": -0.1,
          "effect": {
            "turnDelay": 0,
            "repeatEffect": 0,
            "budget": -500,
            "economy": 0,
            "taxRate": 0.0,
            "popular": 0,
            "foreign": 0,
            "incrimination": 0.0
          },
          "futureEffects": [],
          "deathFlags": null
        },
        {
          "reaction": "Shut down the program responsible for the crash",
          "passLaw": false,
          "partisan": 0,
          "demAligned": 0.1,
          "repAligned": 0.1,
          "effect": {
            "turnDelay": 0,
            "repeatEffect": 0,
            "budget": 0,
            "economy": -100,
            "taxRate": 0.0,
            "popular": 0,
            "foreign": 0,
            "incrimination": 0.0
          },
          "futureEffects": [],
          "deathFlags": null
        }
      ]
    }
  ],
  "endings": [
    {
      "title": "Apocalypse",
      "description": "As you were being removed from office, the asteroid you previously ignored unexpectedly collided with the Earth. Well, unexpectedly to you anyway. Humanity is finished.",
      "imageName": "Apocalypse",
      "hint": "Go the way of the dinosaurs.",
      "priority": 13.7,
      "flagConditions": {
        "asteroid": true
      }
    },
    {
      "title": "Abducted",
      "description": "Your signal was heard by nearby aliens, who abduct you to be Earth's galactic representative. But they let Jerry drive so you never make it to the Mothership. America is confused.",
      "imageName": "Aliens",
      "hint": "Disturb the dark forest.",
      "priority": 5,
      "flagConditions": {
        "aliens": true,
        "global": false,
        "national": false
      }
    }
  ],
  "overlays": [
    {
      "title": "",
      "description": "",
      "imageName": "Alien",
      "zPos": -1,
      "flagConditions": {
        "aliens": true
      }
    },
    {
      "title": "",
      "description": "",
      "imageName": "Asteroid",
      "zPos": -1,
      "flagConditions": {
        "asteroid": true
      }
    }
  ],
  "endingImageLocation": "https://raw.githubusercontent.com/Sn0wCh1ld/Various-Files/master/Impeached2/Packs/Endings/",
  "title": "Space Force",
  "updateURL": "https://raw.githubusercontent.com/Sn0wCh1ld/Various-Files/master/Impeached2/Packs/Space%20Force.json",
  "version": 19
}