{
  "author": "Impeached 2",
  "iapId": "deck_economy",
  "scenarios": [
    {
      "action": "Corporate profits continue to rise, while wages remain stagnant. Major unions are threatening to go on strike. What do you do?",
      "options": [
        {
          "reaction": "Repeal anti-scabbing laws to allow companies to hire replacement workers",
          "passLaw": true,
          "partisan": 0.5,
          "demAligned": -0.3,
          "repAligned": 0,
          "effect": {
            "turnDelay": 0,
            "repeatEffect": 0,
            "budget": 0,
            "economy": 100,
            "taxRate": 0.0,
            "popular": 0,
            "foreign": 0,
            "incrimination": 0.0
          },
          "futureEffects": [],
          "deathFlags": null
        },
        {
          "reaction": "Offer tax incentives for companies who invest in workers instead of stock buybacks",
          "passLaw": false,
          "partisan": 0.6,
          "demAligned": 0.2,
          "repAligned": -0.3,
          "effect": {
            "turnDelay": 0,
            "repeatEffect": 0,
            "budget": 0,
            "economy": 0,
            "taxRate": -0.01,
            "popular": 0.05,
            "foreign": 0,
            "incrimination": 0.0
          },
          "futureEffects": [],
          "deathFlags": null
        },
        {
          "reaction": "Raise the corporate tax rate",
          "passLaw": true,
          "partisan": 0.6,
          "demAligned": 0.2,
          "repAligned": -0.3,
          "effect": {
            "turnDelay": 0,
            "repeatEffect": 0,
            "budget": 0,
            "economy": -200,
            "taxRate": 0.03,
            "popular": 0.05,
            "foreign": 0,
            "incrimination": 0.0
          },
          "futureEffects": [],
          "deathFlags": null
        },
        {
          "reaction": "Negotiate with the union and corporations to find a compromise",
          "passLaw": false,
          "partisan": 0.6,
          "demAligned": 0.2,
          "repAligned": -0.2,
          "effect": {
            "turnDelay": 0,
            "repeatEffect": 0,
            "budget": 0,
            "economy": -100,
            "taxRate": 0.01,
            "popular": 0.05,
            "foreign": 0,
            "incrimination": 0
          },
          "futureEffects": [],
          "deathFlags": null
        },
        {
          "reaction": "Refuse to intervene",
          "passLaw": false,
          "partisan": 0.5,
          "demAligned": -0.2,
          "repAligned": 0.2,
          "effect": {
            "turnDelay": 0,
            "repeatEffect": 0,
            "budget": 0,
            "economy": -100,
            "taxRate": 0.0,
            "popular": 0,
            "foreign": 0,
            "incrimination": 0
          },
          "futureEffects": [],
          "deathFlags": null
        }
      ]
    },
    {
      "action": "After an economic downturn, many Americans are worried about their retirement savings. What do you do?",
      "options": [
        {
          "reaction": "Raise taxes on the wealthy to fund social security",
          "passLaw": true,
          "partisan": 0.6,
          "demAligned": 0.2,
          "repAligned": -0.3,
          "effect": {
            "turnDelay": 0,
            "repeatEffect": 0,
            "budget": 0,
            "economy": -150,
            "taxRate": 0.02,
            "popular": 0.05,
            "foreign": 0,
            "incrimination": 0.0
          },
          "futureEffects": [],
          "deathFlags": null
        },
        {
          "reaction": "Require employers to match their employees' 401k contributions",
          "passLaw": false,
          "partisan": 0.6,
          "demAligned": 0.2,
          "repAligned": -0.2,
          "effect": {
            "turnDelay": 0,
            "repeatEffect": 0,
            "budget": 0,
            "economy": -100,
            "taxRate": 0,
            "popular": 0,
            "foreign": 0,
            "incrimination": 0.0
          },
          "futureEffects": [],
          "deathFlags": null
        },
        {
          "reaction": "Contribute to everyone's retirement savings using taxpayer money",
          "passLaw": true,
          "partisan": 0.6,
          "demAligned": 0.2,
          "repAligned": -0.3,
          "effect": {
            "turnDelay": 0,
            "repeatEffect": 0,
            "budget": -650,
            "economy": 0,
            "taxRate": 0,
            "popular": 0.05,
            "foreign": 0,
            "incrimination": 0.0
          },
          "futureEffects": [],
          "deathFlags": null
        },
        {
          "reaction": "Tell them to just retire later",
          "passLaw": false,
          "partisan": 0.6,
          "demAligned": -0.3,
          "repAligned": -0.1,
          "effect": {
            "turnDelay": 0,
            "repeatEffect": 0,
            "budget": 0,
            "economy": 0,
            "taxRate": 0,
            "popular": 0,
            "foreign": 0,
            "incrimination": 0
          },
          "futureEffects": [],
          "deathFlags": null
        },
        {
          "reaction": "Encourage foreign investment to boost the economy",
          "passLaw": false,
          "partisan": 0.5,
          "demAligned": -0.1,
          "repAligned": -0.3,
          "effect": {
            "turnDelay": 0,
            "repeatEffect": 0,
            "budget": 0,
            "economy": -100,
            "taxRate": 0.0,
            "popular": 0.05,
            "foreign": 0.2,
            "incrimination": 0
          },
          "futureEffects": [],
          "deathFlags": null
        }
      ]
    },
    {
      "action": "A major tech company wants to acquire a smaller competitor. What do you do?",
      "options": [
        {
          "reaction": "Show your support for the acquisition",
          "passLaw": false,
          "partisan": 0.6,
          "demAligned": -0.2,
          "repAligned": 0.2,
          "effect": {
            "turnDelay": 0,
            "repeatEffect": 0,
            "budget": 0,
            "economy": 150,
            "taxRate": 0.0,
            "popular": 0.0,
            "foreign": 0.0,
            "incrimination": 0.0
          },
          "futureEffects": null,
          "deathFlags": null
        },
        {
          "reaction": "Instruct the FTC to block the acquisition",
          "passLaw": false,
          "partisan": 0.6,
          "demAligned": 0.2,
          "repAligned": -0.3,
          "effect": {
            "turnDelay": 0,
            "repeatEffect": 0,
            "budget": 0,
            "economy": -150,
            "taxRate": 0.0,
            "popular": 0.0,
            "foreign": 0.0,
            "incrimination": 0
          },
          "futureEffects": null,
          "deathFlags": null
        },
        {
          "reaction": "Refuse to comment and let the FTC do their job",
          "passLaw": false,
          "partisan": 0.0,
          "demAligned": 0.1,
          "repAligned": 0.1,
          "effect": {
            "turnDelay": 0,
            "repeatEffect": 0,
            "budget": 0,
            "economy": 0,
            "taxRate": 0.0,
            "popular": -0.1,
            "foreign": 0.0,
            "incrimination": 0.0
          },
          "futureEffects": null,
          "deathFlags": null
        },
        {
          "reaction": "Buy shares in the parent company and push the FTC to allow it",
          "passLaw": false,
          "partisan": 0.0,
          "demAligned": -0.1,
          "repAligned": -0.1,
          "effect": {
            "turnDelay": 0,
            "repeatEffect": 0,
            "budget": 250,
            "economy": 150,
            "taxRate": 0.0,
            "popular": -0.2,
            "foreign": 0.0,
            "incrimination": 0.2
          },
          "futureEffects": null,
          "deathFlags": null
        },
        {
          "reaction": "Make anti-trust laws more strict",
          "passLaw": true,
          "partisan": 0.6,
          "demAligned": 0.2,
          "repAligned": -0.1,
          "effect": {
            "turnDelay": 0,
            "repeatEffect": 0,
            "budget": 0,
            "economy": -100,
            "taxRate": 0.0,
            "popular": 0,
            "foreign": 0.0,
            "incrimination": 0
          },
          "futureEffects": null,
          "deathFlags": null
        }
      ]
    },
    {
      "action": "A trade agreement with Canada and Mexico is up for renewal. What do you do?",
      "options": [
        {
          "reaction": "Negotiate a better deal for the U.S.",
          "passLaw": false,
          "partisan": 0.5,
          "demAligned": 0.1,
          "repAligned": 0.3,
          "effect": {
            "turnDelay": 0,
            "repeatEffect": 0,
            "budget": -300,
            "economy": 150,
            "taxRate": 0.0,
            "popular": 0.1,
            "foreign": -0.1,
            "incrimination": 0.0
          },
          "futureEffects": null,
          "deathFlags": null
        },
        {
          "reaction": "Cancel the agreement and impose tariffs on Canada and Mexico",
          "passLaw": false,
          "partisan": 0,
          "demAligned": -0.2,
          "repAligned": -0.1,
          "effect": {
            "turnDelay": 0,
            "repeatEffect": 0,
            "budget": 0,
            "economy": -100,
            "taxRate": 0.02,
            "popular": -0.1,
            "foreign": -0.2,
            "incrimination": 0
          },
          "futureEffects": null,
          "deathFlags": null
        },
        {
          "reaction": "Extend the agreement as is",
          "passLaw": false,
          "partisan": 0.0,
          "demAligned": 0.1,
          "repAligned": 0.1,
          "effect": {
            "turnDelay": 0,
            "repeatEffect": 0,
            "budget": 0,
            "economy": 50,
            "taxRate": 0.0,
            "popular": 0,
            "foreign": 0.1,
            "incrimination": 0.0
          },
          "futureEffects": null,
          "deathFlags": null
        },
        {
          "reaction": "Expand the agreement to cover more products",
          "passLaw": false,
          "partisan": 0.0,
          "demAligned": 0.1,
          "repAligned": -0.1,
          "effect": {
            "turnDelay": 0,
            "repeatEffect": 0,
            "budget": -300,
            "economy": 100,
            "taxRate": 0.0,
            "popular": 0,
            "foreign": 0.0,
            "incrimination": 0
          },
          "futureEffects": null,
          "deathFlags": null
        }
      ]
    },
    {
      "action": "Government officials are making a lot of money in the stock market and are facing accusations of insider trading. What do you do?",
      "options": [
        {
          "reaction": "Prohibit government officials from trading stocks",
          "passLaw": true,
          "partisan": 0,
          "demAligned": -0.2,
          "repAligned": -0.2,
          "effect": {
            "turnDelay": 0,
            "repeatEffect": 0,
            "budget": 0,
            "economy": 0,
            "taxRate": 0.0,
            "popular": 0.2,
            "foreign": 0,
            "incrimination": 0.0
          },
          "futureEffects": null,
          "deathFlags": null
        },
        {
          "reaction": "Legalize insider trading for everyone",
          "passLaw": true,
          "partisan": 0,
          "demAligned": -0.2,
          "repAligned": -0.2,
          "effect": {
            "incrimination": 0.2,
            "budget": 200,
            "economy": -200,
            "taxRate": 0,
            "popular": -0.3,
            "foreign": -0.15
          },
          "futureEffects": []
        },
        {
          "reaction": "Create a public investment fund that matches politicians' stock picks",
          "passLaw": false,
          "partisan": 0.0,
          "demAligned": 0,
          "repAligned": 0,
          "effect": {
            "turnDelay": 0,
            "repeatEffect": 0,
            "budget": -400,
            "economy": 100,
            "taxRate": 0.0,
            "popular": 0,
            "foreign": 0,
            "incrimination": 0.0
          },
          "futureEffects": null,
          "deathFlags": null
        },
        {
          "reaction": "Implement a special tax on politicians' capital gains",
          "passLaw": false,
          "partisan": 0.0,
          "demAligned": -0.2,
          "repAligned": -0.2,
          "effect": {
            "turnDelay": 0,
            "repeatEffect": 0,
            "budget": 0,
            "economy": 100,
            "taxRate": 0.02,
            "popular": 0,
            "foreign": 0.0,
            "incrimination": 0
          },
          "futureEffects": null,
          "deathFlags": null
        }
      ]
    },
    {
      "action": "Lottery winners are complaining about the heavy taxes they must pay on their winnings. What do you do?",
      "options": [
        {
          "reaction": "Abolish taxes on lottery winnings",
          "passLaw": true,
          "partisan": 0.5,
          "demAligned": -0.2,
          "repAligned": 0.1,
          "effect": {
            "turnDelay": 0,
            "repeatEffect": 0,
            "budget": 0,
            "economy": 0,
            "taxRate": -0.02,
            "popular": 0.1,
            "foreign": 0,
            "incrimination": 0.0
          },
          "futureEffects": null,
          "deathFlags": null
        },
        {
          "reaction": "Set a 90% tax rate on lottery winnings",
          "passLaw": true,
          "partisan": 0.5,
          "demAligned": 0.1,
          "repAligned": -0.2,
          "effect": {
            "incrimination": 0,
            "budget": 200,
            "economy": 0,
            "taxRate": 0.01,
            "popular": -0.1,
            "foreign": 0
          },
          "futureEffects": []
        },
        {
          "reaction": "Dismiss the issue as unimportant",
          "passLaw": false,
          "partisan": 0.0,
          "demAligned": 0.1,
          "repAligned": 0.1,
          "effect": {
            "turnDelay": 0,
            "repeatEffect": 0,
            "budget": 0,
            "economy": 0,
            "taxRate": 0.0,
            "popular": -0.1,
            "foreign": 0,
            "incrimination": 0.0
          },
          "futureEffects": null,
          "deathFlags": null
        },
        {
          "reaction": "Tax lottery winnings like regular income",
          "passLaw": false,
          "partisan": 0.0,
          "demAligned": 0,
          "repAligned": 0.1,
          "effect": {
            "turnDelay": 0,
            "repeatEffect": 0,
            "budget": 0,
            "economy": 0,
            "taxRate": -0.01,
            "popular": 0.05,
            "foreign": 0.0,
            "incrimination": 0
          },
          "futureEffects": null,
          "deathFlags": null
        }
      ]
    },
    {
      "action": "Working parents are demanding support from the federal government. What do you do?",
      "options": [
        {
          "reaction": "Make employers provide paid parental leave",
          "passLaw": true,
          "partisan": 0.5,
          "demAligned": 0.2,
          "repAligned": -0.2,
          "effect": {
            "turnDelay": 0,
            "repeatEffect": 0,
            "budget": 0,
            "economy": -100,
            "taxRate": 0,
            "popular": 0.1,
            "foreign": 0,
            "incrimination": 0.0
          },
          "futureEffects": null,
          "deathFlags": null
        },
        {
          "reaction": "Increase the existing per-child tax credit",
          "passLaw": false,
          "partisan": 0.5,
          "demAligned": 0.2,
          "repAligned": -0.2,
          "effect": {
            "incrimination": 0,
            "budget": 0,
            "economy": 100,
            "taxRate": -0.02,
            "popular": -0.1,
            "foreign": 0
          },
          "futureEffects": []
        },
        {
          "reaction": "Tax the rich to pay for new childcare subsidies",
          "passLaw": false,
          "partisan": 0.7,
          "demAligned": 0.2,
          "repAligned": -0.3,
          "effect": {
            "turnDelay": 0,
            "repeatEffect": 0,
            "budget": 0,
            "economy": -50,
            "taxRate": 0.03,
            "popular": 0,
            "foreign": 0,
            "incrimination": 0.0
          },
          "futureEffects": null,
          "deathFlags": null
        },
        {
          "reaction": "Offer free daycare through public schools for all children",
          "passLaw": true,
          "partisan": 0.5,
          "demAligned": 0.2,
          "repAligned": -0.2,
          "effect": {
            "turnDelay": 0,
            "repeatEffect": 0,
            "budget": -700,
            "economy": 50,
            "taxRate": 0,
            "popular": 0.05,
            "foreign": 0.0,
            "incrimination": 0
          },
          "futureEffects": null,
          "deathFlags": null
        },
        {
          "reaction": "The current system is fine",
          "passLaw": false,
          "partisan": 0.5,
          "demAligned": -0.1,
          "repAligned": 0.3,
          "effect": {
            "turnDelay": 0,
            "repeatEffect": 0,
            "budget": 0,
            "economy": 0,
            "taxRate": 0,
            "popular": -0.05,
            "foreign": 0.0,
            "incrimination": 0
          },
          "futureEffects": null,
          "deathFlags": null
        }
      ]
    },
    {
      "action": "The country is facing a severe housing shortage and prices are rising rapidly. What do you do?",
      "options": [
        {
          "reaction": "Increase funding for affordable housing programs",
          "passLaw": false,
          "partisan": 0.5,
          "demAligned": 0.2,
          "repAligned": -0.2,
          "effect": {
            "turnDelay": 0,
            "repeatEffect": 0,
            "budget": -600,
            "economy": 0,
            "taxRate": 0,
            "popular": 0,
            "foreign": 0,
            "incrimination": 0.0
          },
          "futureEffects": null,
          "deathFlags": null
        },
        {
          "reaction": "Increase taxes on vacant land and second homes",
          "passLaw": false,
          "partisan": 0.7,
          "demAligned": 0.2,
          "repAligned": -0.3,
          "effect": {
            "incrimination": 0,
            "budget": 0,
            "economy": 100,
            "taxRate": 0.03,
            "popular": 0,
            "foreign": 0
          },
          "futureEffects": []
        },
        {
          "reaction": "Give tax breaks to landowners who improve their properties",
          "passLaw": false,
          "partisan": 0.7,
          "demAligned": -0.2,
          "repAligned": 0.3,
          "effect": {
            "turnDelay": 0,
            "repeatEffect": 0,
            "budget": 0,
            "economy": 150,
            "taxRate": -0.02,
            "popular": 0,
            "foreign": 0,
            "incrimination": 0.0
          },
          "futureEffects": null,
          "deathFlags": null
        },
        {
          "reaction": "Implement rent control policies",
          "passLaw": true,
          "partisan": 0.7,
          "demAligned": 0.2,
          "repAligned": -0.3,
          "effect": {
            "turnDelay": 0,
            "repeatEffect": 0,
            "budget": 0,
            "economy": -100,
            "taxRate": 0,
            "popular": 0.05,
            "foreign": 0.0,
            "incrimination": 0
          },
          "futureEffects": null,
          "deathFlags": null
        },
        {
          "reaction": "Let the free market do its thing",
          "passLaw": false,
          "partisan": 0.5,
          "demAligned": -0.3,
          "repAligned": 0.3,
          "effect": {
            "turnDelay": 0,
            "repeatEffect": 0,
            "budget": 0,
            "economy": 200,
            "taxRate": 0,
            "popular": -0.1,
            "foreign": 0.0,
            "incrimination": 0
          },
          "futureEffects": null,
          "deathFlags": null
        },
        {
          "reaction": "Ban foreign investors from buying multiple properties",
          "passLaw": true,
          "partisan": 0.5,
          "demAligned": -0.1,
          "repAligned": 0.2,
          "effect": {
            "turnDelay": 0,
            "repeatEffect": 0,
            "budget": 0,
            "economy": 0,
            "taxRate": 0,
            "popular": 0.05,
            "foreign": -0.2,
            "incrimination": 0
          },
          "futureEffects": null,
          "deathFlags": null
        }
      ]
    },
    {
      "action": "A trillion-dollar corporation is threatening to leave the country due to high taxes. How do you respond?",
      "options": [
        {
          "reaction": "Offer them a special tax deal to get them to stay",
          "passLaw": false,
          "partisan": 0.5,
          "demAligned": -0.2,
          "repAligned": 0.1,
          "effect": {
            "turnDelay": 0,
            "repeatEffect": 0,
            "budget": -600,
            "economy": 0,
            "taxRate": -0.01,
            "popular": 0,
            "foreign": 0,
            "incrimination": 0.2
          },
          "futureEffects": null,
          "deathFlags": null
        },
        {
          "reaction": "Tax their assets as they leave",
          "passLaw": false,
          "partisan": 0.5,
          "demAligned": 0.3,
          "repAligned": -0.2,
          "effect": {
            "incrimination": 0,
            "budget": 300,
            "economy": -50,
            "taxRate": 0,
            "popular": 0,
            "foreign": 0
          },
          "futureEffects": []
        },
        {
          "reaction": "Reduce the corporate tax rate for all companies",
          "passLaw": false,
          "partisan": 0.7,
          "demAligned": -0.3,
          "repAligned": 0.3,
          "effect": {
            "turnDelay": 0,
            "repeatEffect": 0,
            "budget": 0,
            "economy": 150,
            "taxRate": -0.03,
            "popular": 0,
            "foreign": 0,
            "incrimination": 0.0
          },
          "futureEffects": null,
          "deathFlags": null
        },
        {
          "reaction": "Ban companies from leaving America",
          "passLaw": true,
          "partisan": 0,
          "demAligned": -0.2,
          "repAligned": -0.2,
          "effect": {
            "turnDelay": 0,
            "repeatEffect": 0,
            "budget": 0,
            "economy": 0,
            "taxRate": 0,
            "popular": 0.1,
            "foreign": -0.1,
            "incrimination": 0.2
          },
          "futureEffects": null,
          "deathFlags": null
        },
        {
          "reaction": "Implement more tax loopholes for corporations",
          "passLaw": true,
          "partisan": 0.5,
          "demAligned": -0.3,
          "repAligned": 0.2,
          "effect": {
            "turnDelay": 0,
            "repeatEffect": 0,
            "budget": 0,
            "economy": 100,
            "taxRate": -0.01,
            "popular": -0.1,
            "foreign": 0.0,
            "incrimination": 0
          },
          "futureEffects": null,
          "deathFlags": null
        }
      ]
    },
    {
      "action": "Your political donors are complaining about the estate tax, a tax paid mostly by the rich when they die. What do you do?",
      "options": [
        {
          "reaction": "Abolish the death tax",
          "passLaw": true,
          "partisan": 0.5,
          "demAligned": -0.2,
          "repAligned": 0.3,
          "effect": {
            "turnDelay": 0,
            "repeatEffect": 0,
            "budget": 0,
            "economy": 0,
            "taxRate": -0.01,
            "popular": 0,
            "foreign": 0,
            "incrimination": 0
          },
          "futureEffects": null,
          "deathFlags": null
        },
        {
          "reaction": "Increase the estate tax rate",
          "passLaw": true,
          "partisan": 0.5,
          "demAligned": 0.3,
          "repAligned": -0.2,
          "effect": {
            "incrimination": 0,
            "budget": 300,
            "economy": 0,
            "taxRate": 0.01,
            "popular": 0,
            "foreign": 0
          },
          "futureEffects": []
        },
        {
          "reaction": "Replace the estate tax with increased income taxes for everyone",
          "passLaw": true,
          "partisan": 0,
          "demAligned": -0.3,
          "repAligned": -0.2,
          "effect": {
            "turnDelay": 0,
            "repeatEffect": 0,
            "budget": 0,
            "economy": 0,
            "taxRate": 0,
            "popular": -0.2,
            "foreign": 0,
            "incrimination": 0.0
          },
          "futureEffects": null,
          "deathFlags": null
        },
        {
          "reaction": "Ignore your political donors and do nothing",
          "passLaw": false,
          "partisan": 0,
          "demAligned": 0.1,
          "repAligned": -0.1,
          "effect": {
            "turnDelay": 0,
            "repeatEffect": 0,
            "budget": 0,
            "economy": 0,
            "taxRate": 0,
            "popular": 0.1,
            "foreign": 0,
            "incrimination": 0
          },
          "futureEffects": null,
          "deathFlags": null
        }
      ]
    }
  ],
  "endings": [
  ],
  "endingImageLocation": "https://raw.githubusercontent.com/Sn0wCh1ld/Various-Files/master/Impeached2/Packs/Endings/",
  "title": "The Free Market",
  "updateURL": "https://raw.githubusercontent.com/Sn0wCh1ld/Various-Files/master/Impeached2/Packs/The%20Free%20Market.json",
  "version": 8
}