{
  "author": "Impeached 2",
  "iapId": "deck_international",
  "scenarios": [
    {
      "action": "Britain invites America to be part of the Commonwealth. What do you do?",
      "options": [
        {
          "reaction": "Refuse, citing America's independence",
          "passLaw": false,
          "partisan": 0,
          "demAligned": 0.1,
          "repAligned": 0.1,
          "effect": {
            "turnDelay": 0,
            "repeatEffect": 0,
            "budget": 0,
            "economy": 0,
            "taxRate": 0.0,
            "popular": 0.1,
            "foreign": -0.1,
            "incrimination": 0.0
          },
          "futureEffects": [],
          "deathFlags": null
        },
        {
          "reaction": "Convince them to become the 51st U.S. state instead",
          "passLaw": true,
          "partisan": 0,
          "demAligned": -0.2,
          "repAligned": -0.3,
          "effect": {
            "turnDelay": 0,
            "repeatEffect": 0,
            "budget": 0,
            "economy": 100,
            "taxRate": 0,
            "popular": -0.1,
            "foreign": 0,
            "incrimination": 0.0
          },
          "futureEffects": [],
          "deathFlags": null
        },
        {
          "reaction": "Accept the offer",
          "passLaw": true,
          "partisan": 0,
          "demAligned": -0.2,
          "repAligned": -0.2,
          "effect": {
            "turnDelay": 0,
            "repeatEffect": 0,
            "budget": 0,
            "economy": -100,
            "taxRate": 0,
            "popular": -0.2,
            "foreign": 0.2,
            "incrimination": 0.0
          },
          "futureEffects": [],
          "deathFlags": {
            "flags": {
              "british": true
            }
          }
        },
        {
          "reaction": "Existing treaties are enough for cooperation with Commonwealth nations",
          "passLaw": false,
          "partisan": 0.6,
          "demAligned": -0.2,
          "repAligned": 0.2,
          "effect": {
            "turnDelay": 0,
            "repeatEffect": 0,
            "budget": 0,
            "economy": 0,
            "taxRate": 0,
            "popular": 0,
            "foreign": -0.1,
            "incrimination": 0
          },
          "futureEffects": [],
          "deathFlags": null
        }
      ]
    },
    {
      "action": "American tech companies are under fire in the European Union for alleged antitrust and data privacy issues. What do you do?",
      "options": [
        {
          "reaction": "Let the companies handle it themselves",
          "passLaw": false,
          "partisan": 0,
          "demAligned": 0.1,
          "repAligned": 0.1,
          "effect": {
            "turnDelay": 0,
            "repeatEffect": 0,
            "budget": 0,
            "economy": -100,
            "taxRate": 0.0,
            "popular": 0,
            "foreign": 0.1,
            "incrimination": 0.0
          },
          "futureEffects": [],
          "deathFlags": null
        },
        {
          "reaction": "Encourage them to stop doing business in Europe",
          "passLaw": false,
          "partisan": 0,
          "demAligned": -0.3,
          "repAligned": -0.1,
          "effect": {
            "turnDelay": 0,
            "repeatEffect": 0,
            "budget": 0,
            "economy": -100,
            "taxRate": 0,
            "popular": 0,
            "foreign": -0.2,
            "incrimination": 0.0
          },
          "futureEffects": [],
          "deathFlags": null
        },
        {
          "reaction": "Help them hide evidence against them",
          "passLaw": false,
          "partisan": 0,
          "demAligned": 0,
          "repAligned": 0,
          "effect": {
            "turnDelay": 0,
            "repeatEffect": 0,
            "budget": 0,
            "economy": 0,
            "taxRate": 0,
            "popular": 0,
            "foreign": -0.2,
            "incrimination": 0.2
          },
          "futureEffects": [],
          "deathFlags": null
        },
        {
          "reaction": "Investigate European countries operating in the U.S. in retaliation",
          "passLaw": false,
          "partisan": 0.6,
          "demAligned": -0.2,
          "repAligned": 0,
          "effect": {
            "turnDelay": 0,
            "repeatEffect": 0,
            "budget": -300,
            "economy": -100,
            "taxRate": 0,
            "popular": 0.1,
            "foreign": -0.2,
            "incrimination": 0
          },
          "futureEffects": [],
          "deathFlags": null
        }
      ]
    },
    {
      "action": "A civil war breaks out in an country supplying a lot of oil and other natural resources to the U.S. What do you do?",
      "options": [
        {
          "reaction": "Invade them to \"restore democracy\"",
          "passLaw": false,
          "partisan": 0,
          "demAligned": 0.2,
          "repAligned": 0.2,
          "effect": {
            "turnDelay": 0,
            "repeatEffect": 0,
            "budget": -700,
            "economy": 200,
            "taxRate": 0.0,
            "popular": -0.2,
            "foreign": -0.2,
            "incrimination": 0.0
          },
          "futureEffects": [],
          "deathFlags": null
        },
        {
          "reaction": "Let them fight it out without interference",
          "passLaw": false,
          "partisan": 0,
          "demAligned": 0,
          "repAligned": 0,
          "effect": {
            "turnDelay": 0,
            "repeatEffect": 0,
            "budget": 0,
            "economy": -100,
            "taxRate": 0,
            "popular": 0,
            "foreign": 0,
            "incrimination": 0.0
          },
          "futureEffects": [],
          "deathFlags": null
        },
        {
          "reaction": "Back the side that is more favorable to the U.S.",
          "passLaw": true,
          "partisan": 0,
          "demAligned": 0,
          "repAligned": 0,
          "effect": {
            "turnDelay": 0,
            "repeatEffect": 0,
            "budget": -350,
            "economy": 100,
            "taxRate": 0,
            "popular": -0.1,
            "foreign": -0.2,
            "incrimination": 0
          },
          "futureEffects": [],
          "deathFlags": null
        },
        {
          "reaction": "Sell weapons to both sides",
          "passLaw": false,
          "partisan": 0.6,
          "demAligned": -0.2,
          "repAligned": 0,
          "effect": {
            "turnDelay": 0,
            "repeatEffect": 0,
            "budget": 300,
            "economy": 0,
            "taxRate": 0,
            "popular": -0.2,
            "foreign": -0.2,
            "incrimination": 0
          },
          "futureEffects": [],
          "deathFlags": null
        }
      ]
    },
    {
      "action": "Most NATO countries are not pulling their weight when it comes to military spending. What do you do?",
      "options": [
        {
          "reaction": "Leave NATO, let them defend themselves",
          "passLaw": false,
          "partisan": 0.7,
          "demAligned": -0.3,
          "repAligned": 0,
          "effect": {
            "turnDelay": 0,
            "repeatEffect": 0,
            "budget": 0,
            "economy": 0,
            "taxRate": 0.0,
            "popular": 0.1,
            "foreign": -0.2,
            "incrimination": 0.0
          },
          "futureEffects": [],
          "deathFlags": null
        },
        {
          "reaction": "Threaten to leave NATO if this continues",
          "passLaw": false,
          "partisan": 0,
          "demAligned": -0.2,
          "repAligned": 0.2,
          "effect": {
            "turnDelay": 0,
            "repeatEffect": 0,
            "budget": 0,
            "economy": 0,
            "taxRate": 0,
            "popular": -0.1,
            "foreign": -0.1,
            "incrimination": 0.0
          },
          "futureEffects": [],
          "deathFlags": null
        },
        {
          "reaction": "Increase U.S. military spending to compensate",
          "passLaw": true,
          "partisan": 0,
          "demAligned": 0.2,
          "repAligned": 0.1,
          "effect": {
            "turnDelay": 0,
            "repeatEffect": 0,
            "budget": -500,
            "economy": 100,
            "taxRate": 0,
            "popular": -0.1,
            "foreign": 0.1,
            "incrimination": 0
          },
          "futureEffects": [],
          "deathFlags": null
        },
        {
          "reaction": "Prioritize defending countries that meet their spending requirements",
          "passLaw": true,
          "partisan": 0,
          "demAligned": -0.1,
          "repAligned": 0.1,
          "effect": {
            "turnDelay": 0,
            "repeatEffect": 0,
            "budget": 0,
            "economy": 0,
            "taxRate": 0,
            "popular": 0,
            "foreign": -0.2,
            "incrimination": 0
          },
          "futureEffects": [],
          "deathFlags": null
        }
      ]
    },
    {
      "action": "Several developing nations want to make their own currency so they can rely less on U.S. dollars for trade. What do you do?",
      "options": [
        {
          "reaction": "Laugh, USD isn't going anywhere",
          "passLaw": false,
          "partisan": 0,
          "demAligned": -0.1,
          "repAligned": -0.1,
          "effect": {
            "turnDelay": 0,
            "repeatEffect": 0,
            "budget": 0,
            "economy": -100,
            "taxRate": 0.0,
            "popular": 0.1,
            "foreign": -0.1,
            "incrimination": 0.0
          },
          "futureEffects": [],
          "deathFlags": null
        },
        {
          "reaction": "Convince enough of them to stay with USD that the rest have to follow",
          "passLaw": false,
          "partisan": 0,
          "demAligned": 0.2,
          "repAligned": 0.2,
          "effect": {
            "turnDelay": 0,
            "repeatEffect": 0,
            "budget": -450,
            "economy": 0,
            "taxRate": 0,
            "popular": 0,
            "foreign": -0.2,
            "incrimination": 0.0
          },
          "futureEffects": [],
          "deathFlags": null
        },
        {
          "reaction": "Have the CIA sabotage the deployment of the new currency",
          "passLaw": false,
          "partisan": 0,
          "demAligned": 0.2,
          "repAligned": 0.1,
          "effect": {
            "turnDelay": 0,
            "repeatEffect": 0,
            "budget": -350,
            "economy": 0,
            "taxRate": 0,
            "popular": 0,
            "foreign": -0.2,
            "incrimination": 0.2
          },
          "futureEffects": [],
          "deathFlags": null
        },
        {
          "reaction": "Ban trading with any countries that use the new currency",
          "passLaw": true,
          "partisan": 0.5,
          "demAligned": -0.3,
          "repAligned": 0.1,
          "effect": {
            "turnDelay": 0,
            "repeatEffect": 0,
            "budget": 0,
            "economy": -150,
            "taxRate": 0,
            "popular": 0.05,
            "foreign": -0.2,
            "incrimination": 0
          },
          "futureEffects": [],
          "deathFlags": null
        },
        {
          "reaction": "Send some crypto bros to convince them to use Bitcoin instead",
          "passLaw": false,
          "partisan": 0,
          "demAligned": 0,
          "repAligned": 0,
          "effect": {
            "turnDelay": 0,
            "repeatEffect": 0,
            "budget": 0,
            "economy": 100,
            "taxRate": 0,
            "popular": 0,
            "foreign": -0.2,
            "incrimination": 0
          },
          "futureEffects": [],
          "deathFlags": null
        }
      ]
    },
    {
      "action": "A CIA investigation suggests that a foreign nation's government was involved in the assassination of an American political candidate. What do you do?",
      "options": [
        {
          "reaction": "Expel their diplomats and impose sanctions",
          "passLaw": false,
          "partisan": 0,
          "demAligned": 0.1,
          "repAligned": 0.1,
          "effect": {
            "turnDelay": 0,
            "repeatEffect": 0,
            "budget": 0,
            "economy": -50,
            "taxRate": 0.0,
            "popular": 0.1,
            "foreign": -0.2,
            "incrimination": 0.0
          },
          "futureEffects": [],
          "deathFlags": null
        },
        {
          "reaction": "Attempt to prosecute them in the International Criminal Court",
          "passLaw": false,
          "partisan": 0,
          "demAligned": 0.1,
          "repAligned": -0.1,
          "effect": {
            "turnDelay": 0,
            "repeatEffect": 0,
            "budget": -450,
            "economy": 0,
            "taxRate": 0,
            "popular": -0.1,
            "foreign": -0.1,
            "incrimination": 0.0
          },
          "futureEffects": [],
          "deathFlags": null
        },
        {
          "reaction": "Assassinate one of their political candidates in retaliation",
          "passLaw": false,
          "partisan": 0,
          "demAligned": -0.2,
          "repAligned": -0.1,
          "effect": {
            "turnDelay": 0,
            "repeatEffect": 0,
            "budget": -450,
            "economy": 0,
            "taxRate": 0,
            "popular": -0.1,
            "foreign": -0.3,
            "incrimination": 0.2
          },
          "futureEffects": [],
          "deathFlags": null
        },
        {
          "reaction": "Demand that they hand over the assassin",
          "passLaw": false,
          "partisan": 0,
          "demAligned": 0.1,
          "repAligned": 0.2,
          "effect": {
            "turnDelay": 0,
            "repeatEffect": 0,
            "budget": 0,
            "economy": 0,
            "taxRate": 0,
            "popular": 0.2,
            "foreign": -0.2,
            "incrimination": 0
          },
          "futureEffects": [],
          "deathFlags": null
        },
        {
          "reaction": "Quietly send spies to investigate the situation abroad",
          "passLaw": false,
          "partisan": 0,
          "demAligned": 0,
          "repAligned": 0,
          "effect": {
            "turnDelay": 0,
            "repeatEffect": 0,
            "budget": -300,
            "economy": 0,
            "taxRate": 0,
            "popular": -0.1,
            "foreign": -0.2,
            "incrimination": 0
          },
          "futureEffects": [],
          "deathFlags": null
        }
      ]
    },
    {
      "action": "A foreign nation discovers lithium in Antarctica and begins mining it, violating an international treaty. What do you do?",
      "options": [
        {
          "reaction": "Start mining in Antarctica too",
          "passLaw": false,
          "partisan": 0,
          "demAligned": -0.1,
          "repAligned": 0,
          "effect": {
            "turnDelay": 0,
            "repeatEffect": 0,
            "budget": -500,
            "economy": 200,
            "taxRate": 0.0,
            "popular": -0.1,
            "foreign": -0.2,
            "incrimination": 0.2
          },
          "futureEffects": [],
          "deathFlags": null
        },
        {
          "reaction": "Use military power to shut down the operation",
          "passLaw": false,
          "partisan": 0,
          "demAligned": 0.1,
          "repAligned": 0.1,
          "effect": {
            "turnDelay": 0,
            "repeatEffect": 0,
            "budget": -450,
            "economy": 100,
            "taxRate": 0,
            "popular": 0.1,
            "foreign": 0.1,
            "incrimination": 0.0
          },
          "futureEffects": [],
          "deathFlags": null
        },
        {
          "reaction": "Let them have it, but start mining on the Moon",
          "passLaw": false,
          "partisan": 0,
          "demAligned": -0.2,
          "repAligned": -0.1,
          "effect": {
            "turnDelay": 0,
            "repeatEffect": 0,
            "budget": -900,
            "economy": 300,
            "taxRate": 0,
            "popular": -0.1,
            "foreign": -0.3,
            "incrimination": 0.3
          },
          "futureEffects": [],
          "deathFlags": null
        },
        {
          "reaction": "Ask the UN to do something about it",
          "passLaw": false,
          "partisan": 0,
          "demAligned": -0.1,
          "repAligned": -0.2,
          "effect": {
            "turnDelay": 0,
            "repeatEffect": 0,
            "budget": 0,
            "economy": 0,
            "taxRate": 0,
            "popular": -0.2,
            "foreign": -0.1,
            "incrimination": 0
          },
          "futureEffects": [],
          "deathFlags": null
        },
        {
          "reaction": "Jointly drive them out with the other treaty nations",
          "passLaw": false,
          "partisan": 0,
          "demAligned": 0,
          "repAligned": 0,
          "effect": {
            "turnDelay": 0,
            "repeatEffect": 0,
            "budget": -300,
            "economy": 0,
            "taxRate": 0,
            "popular": 0.1,
            "foreign": 0,
            "incrimination": 0
          },
          "futureEffects": [],
          "deathFlags": null
        }
      ]
    },
    {
      "action": "A regional conflict threatens to shut down a major shipping lane. What do you do?",
      "options": [
        {
          "reaction": "Encourage American companies to find alternate routes",
          "passLaw": false,
          "partisan": 0,
          "demAligned": -0.1,
          "repAligned": 0,
          "effect": {
            "turnDelay": 0,
            "repeatEffect": 0,
            "budget": 0,
            "economy": -100,
            "taxRate": 0.0,
            "popular": -0.1,
            "foreign": -0.2,
            "incrimination": 0
          },
          "futureEffects": [],
          "deathFlags": null
        },
        {
          "reaction": "Send in the Navy to keep the lane open",
          "passLaw": false,
          "partisan": 0,
          "demAligned": 0.1,
          "repAligned": 0.1,
          "effect": {
            "turnDelay": 0,
            "repeatEffect": 0,
            "budget": -300,
            "economy": 0,
            "taxRate": 0.0,
            "popular": 0.1,
            "foreign": -0.1,
            "incrimination": 0
          },
          "futureEffects": [],
          "deathFlags": null
        },
        {
          "reaction": "Sanction both countries if they allow their conflict to disrupt trade",
          "passLaw": false,
          "partisan": 0,
          "demAligned": 0.1,
          "repAligned": -0.1,
          "effect": {
            "turnDelay": 0,
            "repeatEffect": 0,
            "budget": 0,
            "economy": -150,
            "taxRate": 0,
            "popular": -0.1,
            "foreign": 0,
            "incrimination": 0
          },
          "futureEffects": [],
          "deathFlags": null
        },
        {
          "reaction": "Offer to mediate peace talks between the two countries",
          "passLaw": false,
          "partisan": 0,
          "demAligned": -0.1,
          "repAligned": -0.2,
          "effect": {
            "turnDelay": 0,
            "repeatEffect": 0,
            "budget": -450,
            "economy": 0,
            "taxRate": 0,
            "popular": 0.1,
            "foreign": 0.1,
            "incrimination": 0
          },
          "futureEffects": [],
          "deathFlags": null
        }
      ]
    },
    {
      "action": "Several individuals are caught being paid by a foreign government to steal valuable intellectual property from American companies. What do you do?",
      "options": [
        {
          "reaction": "Arrest and detain any foreign nationals suspected of IP theft",
          "passLaw": false,
          "partisan": 0.8,
          "demAligned": -0.3,
          "repAligned": 0.2,
          "effect": {
            "turnDelay": 0,
            "repeatEffect": 0,
            "budget": -200,
            "economy": -50,
            "taxRate": 0.0,
            "popular": 0.1,
            "foreign": -0.2,
            "incrimination": 0.2
          },
          "futureEffects": [],
          "deathFlags": null
        },
        {
          "reaction": "Ask companies to submit evidence to the FBI, then prosecute those accused",
          "passLaw": false,
          "partisan": 0,
          "demAligned": 0.1,
          "repAligned": 0.1,
          "effect": {
            "turnDelay": 0,
            "repeatEffect": 0,
            "budget": -600,
            "economy": 0,
            "taxRate": 0.0,
            "popular": 0.1,
            "foreign": -0.1,
            "incrimination": 0
          },
          "futureEffects": [],
          "deathFlags": null
        },
        {
          "reaction": "Abolish patents and IP laws to solve the problem once and for all",
          "passLaw": true,
          "partisan": 0,
          "demAligned": -0.3,
          "repAligned": -0.3,
          "effect": {
            "turnDelay": 0,
            "repeatEffect": 0,
            "budget": 0,
            "economy": -350,
            "taxRate": 0,
            "popular": -0.2,
            "foreign": 0.2,
            "incrimination": 0
          },
          "futureEffects": [],
          "deathFlags": null
        },
        {
          "reaction": "Prohibit U.S. companies from doing business with that country",
          "passLaw": true,
          "partisan": 0,
          "demAligned": 0.2,
          "repAligned": 0.2,
          "effect": {
            "turnDelay": 0,
            "repeatEffect": 0,
            "budget": 0,
            "economy": -100,
            "taxRate": 0,
            "popular": 0.1,
            "foreign": -0.2,
            "incrimination": 0
          },
          "futureEffects": [],
          "deathFlags": null
        },
        {
          "reaction": "Allow companies to claim IP losses on their taxes",
          "passLaw": false,
          "partisan": 0,
          "demAligned": -0.2,
          "repAligned": 0.2,
          "effect": {
            "turnDelay": 0,
            "repeatEffect": 0,
            "budget": 0,
            "economy": -100,
            "taxRate": -0.01,
            "popular": 0,
            "foreign": 0,
            "incrimination": 0
          },
          "futureEffects": [],
          "deathFlags": null
        }
      ]
    },
    {
      "action": "A nation at war requests billions of dollars in weapons and supplies. What do you do?",
      "options": [
        {
          "reaction": "Buy defense stocks, then give them just enough to keep the war going",
          "passLaw": false,
          "partisan": 0,
          "demAligned": -0.2,
          "repAligned": -0.2,
          "effect": {
            "turnDelay": 0,
            "repeatEffect": 0,
            "budget": 200,
            "economy": 200,
            "taxRate": 0.0,
            "popular": -0.2,
            "foreign": 0,
            "incrimination": 0.2
          },
          "futureEffects": [],
          "deathFlags": null
        },
        {
          "reaction": "Sell them the weapons and supplies they need",
          "passLaw": false,
          "partisan": 0.5,
          "demAligned": 0.3,
          "repAligned": -0.2,
          "effect": {
            "turnDelay": 0,
            "repeatEffect": 0,
            "budget": 400,
            "economy": 100,
            "taxRate": 0.0,
            "popular": 0,
            "foreign": 0.1,
            "incrimination": 0
          },
          "futureEffects": [],
          "deathFlags": null
        },
        {
          "reaction": "Refuse to get involved",
          "passLaw": false,
          "partisan": 0,
          "demAligned": -0.1,
          "repAligned": -0.1,
          "effect": {
            "turnDelay": 0,
            "repeatEffect": 0,
            "budget": 0,
            "economy": 0,
            "taxRate": 0,
            "popular": 0.2,
            "foreign": -0.1,
            "incrimination": 0
          },
          "futureEffects": [],
          "deathFlags": null
        },
        {
          "reaction": "Send U.S. troops to support them",
          "passLaw": true,
          "partisan": 0,
          "demAligned": -0.1,
          "repAligned": -0.2,
          "effect": {
            "turnDelay": 0,
            "repeatEffect": 0,
            "budget": -500,
            "economy": 0,
            "taxRate": 0,
            "popular": -0.2,
            "foreign": 0.2,
            "incrimination": 0
          },
          "futureEffects": [],
          "deathFlags": null
        },
        {
          "reaction": "Offer them supplies in exchange for information on your political opponents",
          "passLaw": true,
          "partisan": 0,
          "demAligned": -0.2,
          "repAligned": -0.2,
          "effect": {
            "turnDelay": 0,
            "repeatEffect": 0,
            "budget": 0,
            "economy": 100,
            "taxRate": 0,
            "popular": -0.2,
            "foreign": -0.1,
            "incrimination": 0.2
          },
          "futureEffects": [],
          "deathFlags": null
        }
      ]
    },
    {
      "action": "A private military corporation buys an active oil rig in the Gulf of Mexico to be their headquarters and declares independence. What do you do?",
      "options": [
        {
          "reaction": "Recognize them as a sovereign nation",
          "passLaw": false,
          "partisan": 0,
          "demAligned": -0.2,
          "repAligned": -0.2,
          "effect": {
            "turnDelay": 0,
            "repeatEffect": 0,
            "budget": 0,
            "economy": 50,
            "taxRate": 0.0,
            "popular": -0.2,
            "foreign": -0.1,
            "incrimination": 0
          },
          "futureEffects": [],
          "deathFlags": null
        },
        {
          "reaction": "Invite their leader to negotiate, then assassinate them",
          "passLaw": false,
          "partisan": 0,
          "demAligned": 0,
          "repAligned": 0,
          "effect": {
            "turnDelay": 0,
            "repeatEffect": 0,
            "budget": -100,
            "economy": 0,
            "taxRate": 0.0,
            "popular": 0.1,
            "foreign": -0.1,
            "incrimination": 0
          },
          "futureEffects": [],
          "deathFlags": null
        },
        {
          "reaction": "Drone strike the oil rig",
          "passLaw": false,
          "partisan": 0,
          "demAligned": 0,
          "repAligned": 0.2,
          "effect": {
            "turnDelay": 0,
            "repeatEffect": 0,
            "budget": -300,
            "economy": 50,
            "taxRate": 0,
            "popular": -0.2,
            "foreign": -0.2,
            "incrimination": 0.1
          },
          "futureEffects": [],
          "deathFlags": null
        },
        {
          "reaction": "Blame the company that sold the oil rig, and fine them",
          "passLaw": false,
          "partisan": 0,
          "demAligned": -0.1,
          "repAligned": -0.1,
          "effect": {
            "turnDelay": 0,
            "repeatEffect": 0,
            "budget": 200,
            "economy": 0,
            "taxRate": 0,
            "popular": -0.2,
            "foreign": 0,
            "incrimination": 0
          },
          "futureEffects": [],
          "deathFlags": null
        },
        {
          "reaction": "Hire them to do some less-than-legal jobs abroad",
          "passLaw": false,
          "partisan": 0,
          "demAligned": -0.1,
          "repAligned": 0,
          "effect": {
            "turnDelay": 0,
            "repeatEffect": 0,
            "budget": 0,
            "economy": 100,
            "taxRate": 0,
            "popular": -0.2,
            "foreign": -0.1,
            "incrimination": 0.2
          },
          "futureEffects": [],
          "deathFlags": null
        }
      ]
    },
    {
      "action": "A dispute arises with Canada over the legal limits to water usage from the Great Lakes. What do you do?",
      "options": [
        {
          "reaction": "Build artificial lakes entirely in the U.S. and drain the Great Lakes into them",
          "passLaw": false,
          "partisan": 0,
          "demAligned": -0.2,
          "repAligned": -0.2,
          "effect": {
            "turnDelay": 0,
            "repeatEffect": 0,
            "budget": 0,
            "economy": 150,
            "taxRate": 0.0,
            "popular": 0,
            "foreign": -0.2,
            "incrimination": 0
          },
          "futureEffects": [],
          "deathFlags": null
        },
        {
          "reaction": "Negotiate usage limits based on the needs of both countries",
          "passLaw": false,
          "partisan": 0,
          "demAligned": 0.1,
          "repAligned": 0.1,
          "effect": {
            "turnDelay": 0,
            "repeatEffect": 0,
            "budget": 0,
            "economy": 0,
            "taxRate": 0.0,
            "popular": 0.1,
            "foreign": 0.1,
            "incrimination": 0
          },
          "futureEffects": [],
          "deathFlags": null
        },
        {
          "reaction": "Negotiate usage limits based on sustainability and environmental impact",
          "passLaw": false,
          "partisan": 0.8,
          "demAligned": 0.2,
          "repAligned": -0.2,
          "effect": {
            "turnDelay": 0,
            "repeatEffect": 0,
            "budget": 0,
            "economy": -100,
            "taxRate": 0,
            "popular": -0.05,
            "foreign": 0.1,
            "incrimination": 0
          },
          "futureEffects": [],
          "deathFlags": null
        },
        {
          "reaction": "Boil them off and hope they rain back on U.S. soil",
          "passLaw": false,
          "partisan": 0,
          "demAligned": -0.1,
          "repAligned": -0.1,
          "effect": {
            "turnDelay": 0,
            "repeatEffect": 0,
            "budget": -550,
            "economy": -100,
            "taxRate": 0,
            "popular": -0.2,
            "foreign": -0.2,
            "incrimination": 0
          },
          "futureEffects": [],
          "deathFlags": null
        },
        {
          "reaction": "Agree to treat and replace a percentage of the water used",
          "passLaw": false,
          "partisan": 0,
          "demAligned": 0.2,
          "repAligned": 0,
          "effect": {
            "turnDelay": 0,
            "repeatEffect": 0,
            "budget": -650,
            "economy": 100,
            "taxRate": 0,
            "popular": 0.1,
            "foreign": 0.1,
            "incrimination": 0
          },
          "futureEffects": [],
          "deathFlags": null
        }
      ]
    },
    {
      "action": "Pirates in international waters have boarded a cruise ship carrying American passengers, and are holding them hostage. What do you do?",
      "options": [
        {
          "reaction": "Pay the ransom to free the hostages",
          "passLaw": false,
          "partisan": 0,
          "demAligned": -0.1,
          "repAligned": -0.1,
          "effect": {
            "turnDelay": 0,
            "repeatEffect": 0,
            "budget": -400,
            "economy": -50,
            "taxRate": 0.0,
            "popular": 0.1,
            "foreign": 0,
            "incrimination": 0
          },
          "futureEffects": [],
          "deathFlags": null
        },
        {
          "reaction": "Put out a travel advisory for affected areas but refuse to negotiate with pirates",
          "passLaw": false,
          "partisan": 0,
          "demAligned": -0.1,
          "repAligned": -0.1,
          "effect": {
            "turnDelay": 0,
            "repeatEffect": 0,
            "budget": 0,
            "economy": 0,
            "taxRate": 0.0,
            "popular": -0.2,
            "foreign": 0,
            "incrimination": 0
          },
          "futureEffects": [],
          "deathFlags": null
        },
        {
          "reaction": "Send out a team to rescue the hostages",
          "passLaw": false,
          "partisan": 0,
          "demAligned": 0.2,
          "repAligned": 0.2,
          "effect": {
            "turnDelay": 0,
            "repeatEffect": 0,
            "budget": -600,
            "economy": 0,
            "taxRate": 0,
            "popular": 0.2,
            "foreign": 0,
            "incrimination": 0
          },
          "futureEffects": [],
          "deathFlags": null
        },
        {
          "reaction": "Work with local governments to fight back against pirates",
          "passLaw": false,
          "partisan": 0,
          "demAligned": 0.2,
          "repAligned": 0.1,
          "effect": {
            "turnDelay": 0,
            "repeatEffect": 0,
            "budget": -750,
            "economy": 100,
            "taxRate": 0,
            "popular": 0.2,
            "foreign": 0.1,
            "incrimination": 0
          },
          "futureEffects": [],
          "deathFlags": null
        },
        {
          "reaction": "Airdrop PSA flyers saying \"You wouldn't download a cruise ship\" to the pirates",
          "passLaw": false,
          "partisan": 0,
          "demAligned": -0.2,
          "repAligned": -0.2,
          "effect": {
            "turnDelay": 0,
            "repeatEffect": 0,
            "budget": -100,
            "economy": 0,
            "taxRate": 0,
            "popular": -0.2,
            "foreign": 0,
            "incrimination": 0
          },
          "futureEffects": [],
          "deathFlags": null
        }
      ]
    },
    {
      "action": "There are public concerns about American companies' reliance on a large enemy nation for low-cost manufacturing. What do you do?",
      "options": [
        {
          "reaction": "Invest in alternative countries with cheap labor to diversify manufacturing",
          "passLaw": false,
          "partisan": 0.5,
          "demAligned": 0.2,
          "repAligned": -0.2,
          "effect": {
            "turnDelay": 0,
            "repeatEffect": 0,
            "budget": -300,
            "economy": 0,
            "taxRate": 0.0,
            "popular": 0,
            "foreign": 0.1,
            "incrimination": 0
          },
          "futureEffects": [],
          "deathFlags": null
        },
        {
          "reaction": "Invest in industrial automation to allow cheap manufacturing in the U.S.",
          "passLaw": false,
          "partisan": 0,
          "demAligned": -0.1,
          "repAligned": -0.1,
          "effect": {
            "turnDelay": 0,
            "repeatEffect": 0,
            "budget": -700,
            "economy": 100,
            "taxRate": 0.0,
            "popular": -0.2,
            "foreign": 0,
            "incrimination": 0
          },
          "futureEffects": [],
          "deathFlags": null
        },
        {
          "reaction": "Offer tax breaks to companies who move their manufacturing back to the U.S.",
          "passLaw": false,
          "partisan": 0.7,
          "demAligned": -0.2,
          "repAligned": 0.3,
          "effect": {
            "turnDelay": 0,
            "repeatEffect": 0,
            "budget": 0,
            "economy": 50,
            "taxRate": -0.01,
            "popular": 0,
            "foreign": 0,
            "incrimination": 0
          },
          "futureEffects": [],
          "deathFlags": null
        },
        {
          "reaction": "Ignore this concern for now",
          "passLaw": false,
          "partisan": 0,
          "demAligned": 0.2,
          "repAligned": 0.1,
          "effect": {
            "turnDelay": 0,
            "repeatEffect": 0,
            "budget": 0,
            "economy": 0,
            "taxRate": 0,
            "popular": -0.2,
            "foreign": 0,
            "incrimination": 0
          },
          "futureEffects": [],
          "deathFlags": null
        },
        {
          "reaction": "Impose tariffs on goods coming from that country",
          "passLaw": false,
          "partisan": 0.5,
          "demAligned": -0.2,
          "repAligned": 0.2,
          "effect": {
            "turnDelay": 0,
            "repeatEffect": 0,
            "budget": 100,
            "economy": 50,
            "taxRate": 0,
            "popular": 0,
            "foreign": -0.2,
            "incrimination": 0
          },
          "futureEffects": [],
          "deathFlags": null
        }
      ]
    },
    {
      "action": "A news outlet runs a story claiming you have accepted questionable gifts from foreign politicians and outrage is brewing. What do you do?",
      "options": [
        {
          "reaction": "Hide any evidence and deny everything",
          "passLaw": false,
          "partisan": 0,
          "demAligned": -0.1,
          "repAligned": -0.1,
          "effect": {
            "turnDelay": 0,
            "repeatEffect": 0,
            "budget": 0,
            "economy": 0,
            "taxRate": 0.0,
            "popular": 0,
            "foreign": 0,
            "incrimination": 0.2
          },
          "futureEffects": [],
          "deathFlags": null
        },
        {
          "reaction": "\"Ask\" social media platforms to bury the story",
          "passLaw": false,
          "partisan": 0,
          "demAligned": 0.2,
          "repAligned": -0.2,
          "effect": {
            "turnDelay": 0,
            "repeatEffect": 0,
            "budget": 0,
            "economy": 0,
            "taxRate": 0.0,
            "popular": -0.2,
            "foreign": 0,
            "incrimination": 0
          },
          "futureEffects": [],
          "deathFlags": null
        },
        {
          "reaction": "Drum up outrage around a different issue to distract the public",
          "passLaw": false,
          "partisan": 0,
          "demAligned": -0.1,
          "repAligned": -0.1,
          "effect": {
            "turnDelay": 0,
            "repeatEffect": 0,
            "budget": -300,
            "economy": 0,
            "taxRate": 0,
            "popular": -0.2,
            "foreign": 0,
            "incrimination": 0
          },
          "futureEffects": [],
          "deathFlags": null
        },
        {
          "reaction": "Pardon yourself of any crimes you may have committed",
          "passLaw": false,
          "partisan": 0,
          "demAligned": -0.3,
          "repAligned": -0.2,
          "effect": {
            "turnDelay": 0,
            "repeatEffect": 0,
            "budget": 0,
            "economy": 0,
            "taxRate": 0,
            "popular": -0.3,
            "foreign": 0,
            "incrimination": 0.3
          },
          "futureEffects": [],
          "deathFlags": null
        },
        {
          "reaction": "Move everything to offshore bank accounts and flee the country",
          "passLaw": false,
          "partisan": 0,
          "demAligned": 0,
          "repAligned": 0,
          "effect": {
            "turnDelay": 0,
            "repeatEffect": 0,
            "budget": 0,
            "economy": 0,
            "taxRate": 0,
            "popular": -1.0,
            "foreign": 0,
            "incrimination": 1.0
          },
          "futureEffects": [],
          "deathFlags": {
            "flags": {
              "criminal": true,
              "national": true
            }
          }
        }
      ]
    }
  ],
  "endings": [
    {
      "title": "British",
      "description": "It turns out that the UK's invitation was a trap. The fine print hands over the power to the British monarchy, which swiftly enacts tea taxes for all.",
      "imageName": "British",
      "priority": 14,
      "flagConditions": {
        "british": true,
        "global": true
      }
    }
  ],
  "endingImageLocation": "https://raw.githubusercontent.com/Sn0wCh1ld/Various-Files/master/Impeached2/Packs/Endings/",
  "title": "The Divided Nations",
  "updateURL": "https://raw.githubusercontent.com/Sn0wCh1ld/Various-Files/master/Impeached2/Packs/The%20Divided%20Nations.json",
  "version": 8
}