{
  "author": "Impeached 2",
  "iapId": "deck_general1",
  "scenarios": [
    {
      "action": "There has been a sharp increase in mass shootings across the country. What do you do?",
      "options": [
        {
          "reaction": "Implement stricter background checks",
          "passLaw": false,
          "partisan": 0.5,
          "demAligned": 0.25,
          "repAligned": -0.3,
          "effect": {
            "turnDelay": 0,
            "repeatEffect": 0,
            "budget": 0,
            "economy": -100,
            "taxRate": 0.0,
            "popular": 0,
            "foreign": 0.1,
            "incrimination": 0.0
          },
          "futureEffects": [],
          "deathFlags": null
        },
        {
          "reaction": "Increase funding for mental health services",
          "passLaw": false,
          "partisan": 0.3,
          "demAligned": 0.2,
          "repAligned": 0,
          "effect": {
            "turnDelay": 0,
            "repeatEffect": 0,
            "budget": -500,
            "economy": 0,
            "taxRate": 0.0,
            "popular": 0.0,
            "foreign": 0.0,
            "incrimination": 0.0
          },
          "futureEffects": [],
          "deathFlags": null
        },
        {
          "reaction": "Require armed guards in schools and other public spaces",
          "passLaw": true,
          "partisan": 0.5,
          "demAligned": -0.3,
          "repAligned": 0.2,
          "effect": {
            "turnDelay": 0,
            "repeatEffect": 0,
            "budget": -650,
            "economy": 0,
            "taxRate": 0.0,
            "popular": 0,
            "foreign": 0.0,
            "incrimination": 0.0
          },
          "futureEffects": [],
          "deathFlags": null
        },
        {
          "reaction": "Ban all weapons developed later than the Constitution",
          "passLaw": true,
          "partisan": 0.3,
          "demAligned": -0.3,
          "repAligned": -0.1,
          "effect": {
            "turnDelay": 0,
            "repeatEffect": 0,
            "budget": 0,
            "economy": -150,
            "taxRate": 0.0,
            "popular": -0.2,
            "foreign": 0.0,
            "incrimination": 0.2
          },
          "futureEffects": [],
          "deathFlags": null
        },
        {
          "reaction": "Increase funding for police departments",
          "passLaw": false,
          "partisan": 0.7,
          "demAligned": 0.1,
          "repAligned": 0.3,
          "effect": {
            "turnDelay": 0,
            "repeatEffect": 0,
            "budget": -500,
            "economy": 0,
            "taxRate": 0.0,
            "popular": -0.1,
            "foreign": 0.0,
            "incrimination": 0.0
          },
          "futureEffects": [],
          "deathFlags": null
        },
        {
          "reaction": "Encourage citizens to arm themselves for self-defense",
          "passLaw": false,
          "partisan": 0.5,
          "demAligned": -0.1,
          "repAligned": 0.3,
          "effect": {
            "turnDelay": 0,
            "repeatEffect": 0,
            "budget": 0,
            "economy": 0,
            "taxRate": 0,
            "popular": 0,
            "foreign": 0,
            "incrimination": 0.0
          },
          "futureEffects": [],
          "deathFlags": null
        },
        {
          "reaction": "Legalize bump stocks at the \"recommendation\" of the NRA",
          "passLaw": true,
          "partisan": 0,
          "demAligned": -0.3,
          "repAligned": -0.1,
          "effect": {
            "turnDelay": 0,
            "repeatEffect": 0,
            "budget": 100,
            "economy": 0,
            "taxRate": 0.0,
            "popular": -0.1,
            "foreign": 0.0,
            "incrimination": 0.2
          },
          "futureEffects": [],
          "deathFlags": null
        }
      ]
    },
    {
      "action": "After the Olympics, you invite Team USA for dinner at the White House. What do you serve them?",
      "options": [
        {
          "reaction": "McDonald's",
          "passLaw": false,
          "partisan": 0.0,
          "demAligned": 0,
          "repAligned": 0,
          "effect": {
            "turnDelay": 0,
            "repeatEffect": 0,
            "budget": -200,
            "economy": 0,
            "taxRate": 0.0,
            "popular": -0.1,
            "foreign": 0.0,
            "incrimination": 0.0
          },
          "futureEffects": [],
          "deathFlags": null
        },
        {
          "reaction": "Performance-enhancing drugs",
          "passLaw": false,
          "partisan": 0,
          "demAligned": -0.1,
          "repAligned": -0.1,
          "effect": {
            "turnDelay": 0,
            "repeatEffect": 0,
            "budget": -300,
            "economy": 0,
            "taxRate": 0.0,
            "popular": -0.1,
            "foreign": -0.2,
            "incrimination": 0.1
          },
          "futureEffects": [],
          "deathFlags": null
        },
        {
          "reaction": "Filet mignon & caviar",
          "passLaw": false,
          "partisan": 0.0,
          "demAligned": 0,
          "repAligned": 0,
          "effect": {
            "turnDelay": 0,
            "repeatEffect": 0,
            "budget": -500,
            "economy": 0,
            "taxRate": 0.0,
            "popular": 0.2,
            "foreign": 0.0,
            "incrimination": 0.0
          },
          "futureEffects": [],
          "deathFlags": null
        },
        {
          "reaction": "Whey Protein Powder",
          "passLaw": false,
          "partisan": 0,
          "demAligned": 0,
          "repAligned": 0,
          "effect": {
            "turnDelay": 0,
            "repeatEffect": 0,
            "budget": -300,
            "economy": 0,
            "taxRate": 0.0,
            "popular": 0,
            "foreign": 0.0,
            "incrimination": 0.0
          },
          "futureEffects": [],
          "deathFlags": null
        },
        {
          "reaction": "Five Guys",
          "passLaw": false,
          "partisan": 0,
          "demAligned": 0,
          "repAligned": 0,
          "effect": {
            "turnDelay": 0,
            "repeatEffect": 0,
            "budget": -300,
            "economy": 0,
            "taxRate": 0.0,
            "popular": 0.1,
            "foreign": 0.0,
            "incrimination": 0.0
          },
          "futureEffects": [],
          "deathFlags": null
        },
        {
          "reaction": "Your mom's \"famous\" casserole",
          "passLaw": false,
          "partisan": 0,
          "demAligned": 0,
          "repAligned": 0,
          "effect": {
            "turnDelay": 0,
            "repeatEffect": 0,
            "budget": 0,
            "economy": 0,
            "taxRate": 0.0,
            "popular": -0.2,
            "foreign": 0.0,
            "incrimination": 0.2
          },
          "futureEffects": [],
          "deathFlags": null
        }
      ]
    },
    {
      "action": "A large corporation, considered to be \"too big to fail\", is on the brink of bankruptcy. What do you do?",
      "options": [
        {
          "reaction": "Provide a government bailout",
          "passLaw": false,
          "partisan": 0.5,
          "demAligned": 0.2,
          "repAligned": -0.1,
          "effect": {
            "turnDelay": 0,
            "repeatEffect": 0,
            "budget": -800,
            "economy": 0,
            "taxRate": 0.0,
            "popular": -0.05,
            "foreign": 0.0,
            "incrimination": 0.0
          },
          "futureEffects": [],
          "deathFlags": null
        },
        {
          "reaction": "Let the free market handle it",
          "passLaw": false,
          "partisan": 0.5,
          "demAligned": -0.3,
          "repAligned": -0.1,
          "effect": {
            "turnDelay": 0,
            "repeatEffect": 0,
            "budget": 0,
            "economy": -400,
            "taxRate": 0.0,
            "popular": -0.05,
            "foreign": 0,
            "incrimination": 0
          },
          "futureEffects": [],
          "deathFlags": null
        },
        {
          "reaction": "Nationalize the corporation",
          "passLaw": false,
          "partisan": 0.5,
          "demAligned": 0.2,
          "repAligned": 0,
          "effect": {
            "turnDelay": 0,
            "repeatEffect": 0,
            "budget": -600,
            "economy": -150,
            "taxRate": 0.0,
            "popular": 0,
            "foreign": 0.0,
            "incrimination": 0.0
          },
          "futureEffects": [],
          "deathFlags": null
        },
        {
          "reaction": "Impose strong oversight over their corporate restructuring",
          "passLaw": true,
          "partisan": 0,
          "demAligned": 0.2,
          "repAligned": 0.1,
          "effect": {
            "turnDelay": 0,
            "repeatEffect": 0,
            "budget": -200,
            "economy": -200,
            "taxRate": 0.0,
            "popular": 0.1,
            "foreign": 0.0,
            "incrimination": 0.0
          },
          "futureEffects": [],
          "deathFlags": null
        },
        {
          "reaction": "Provide aid to affected workers and communities",
          "passLaw": false,
          "partisan": 0,
          "demAligned": 0.2,
          "repAligned": -0.1,
          "effect": {
            "turnDelay": 0,
            "repeatEffect": 0,
            "budget": -300,
            "economy": -300,
            "taxRate": 0.0,
            "popular": 0.2,
            "foreign": 0.0,
            "incrimination": 0.0
          },
          "futureEffects": [],
          "deathFlags": null
        }
      ]
    },
    {
      "action": "A powerful drug cartel has been found to be trafficking large quantities of illegal drugs into the U.S. What do you do?",
      "options": [
        {
          "reaction": "Increase funding and resources for border security",
          "passLaw": false,
          "partisan": 0.5,
          "demAligned": -0.2,
          "repAligned": 0.3,
          "effect": {
            "turnDelay": 0,
            "repeatEffect": 0,
            "budget": -600,
            "economy": 0,
            "taxRate": 0.0,
            "popular": 0,
            "foreign": -0.1,
            "incrimination": 0.0
          },
          "futureEffects": [],
          "deathFlags": null
        },
        {
          "reaction": "Work with Interpol to disrupt the cartel's operations",
          "passLaw": false,
          "partisan": 0,
          "demAligned": 0.1,
          "repAligned": 0.2,
          "effect": {
            "turnDelay": 0,
            "repeatEffect": 0,
            "budget": -400,
            "economy": 0,
            "taxRate": 0.0,
            "popular": 0,
            "foreign": 0.1,
            "incrimination": 0
          },
          "futureEffects": [],
          "deathFlags": null
        },
        {
          "reaction": "Increase penalties for drug offenses",
          "passLaw": false,
          "partisan": 0.5,
          "demAligned": -0.3,
          "repAligned": 0.2,
          "effect": {
            "turnDelay": 0,
            "repeatEffect": 0,
            "budget": 100,
            "economy": 0,
            "taxRate": 0.0,
            "popular": -0.05,
            "foreign": 0.0,
            "incrimination": 0.0
          },
          "futureEffects": [],
          "deathFlags": null
        },
        {
          "reaction": "Offer witness protection to any cartel members who snitch",
          "passLaw": false,
          "partisan": 0,
          "demAligned": 0.2,
          "repAligned": 0.2,
          "effect": {
            "turnDelay": 0,
            "repeatEffect": 0,
            "budget": 0,
            "economy": 0,
            "taxRate": 0.0,
            "popular": -0.2,
            "foreign": 0,
            "incrimination": 0.0
          },
          "futureEffects": [],
          "deathFlags": null
        },
        {
          "reaction": "Send the military to wipe out the cartel",
          "passLaw": false,
          "partisan": 0,
          "demAligned": 0.2,
          "repAligned": 0.3,
          "effect": {
            "turnDelay": 0,
            "repeatEffect": 0,
            "budget": -700,
            "economy": 100,
            "taxRate": 0.0,
            "popular": 0.1,
            "foreign": -0.2,
            "incrimination": 0.1
          },
          "futureEffects": [],
          "deathFlags": null
        },
        {
          "reaction": "Have the CIA fund the cartel to destabilize the region",
          "passLaw": false,
          "partisan": 0,
          "demAligned": 0.2,
          "repAligned": 0.3,
          "effect": {
            "turnDelay": 0,
            "repeatEffect": 0,
            "budget": -500,
            "economy": 150,
            "taxRate": 0.0,
            "popular": 0,
            "foreign": -0.3,
            "incrimination": 0.2
          },
          "futureEffects": [],
          "deathFlags": null
        }
      ]
    },
    {
      "action": "The International Olympic Committee has offered the United States the opportunity to host the Olympics. What do you do?",
      "options": [
        {
          "reaction": "Pursue the bid and invest in necessary infrastructure",
          "passLaw": false,
          "partisan": 0,
          "demAligned": 0.2,
          "repAligned": 0.1,
          "effect": {
            "turnDelay": 0,
            "repeatEffect": 0,
            "budget": -700,
            "economy": 150,
            "taxRate": 0.0,
            "popular": 0.2,
            "foreign": 0,
            "incrimination": 0.0
          },
          "futureEffects": [],
          "deathFlags": null
        },
        {
          "reaction": "Decline the opportunity due to financial concerns",
          "passLaw": false,
          "partisan": 0,
          "demAligned": -0.1,
          "repAligned": -0.1,
          "effect": {
            "turnDelay": 0,
            "repeatEffect": 0,
            "budget": 0,
            "economy": 0,
            "taxRate": 0.0,
            "popular": -0.1,
            "foreign": 0,
            "incrimination": 0
          },
          "futureEffects": [],
          "deathFlags": null
        },
        {
          "reaction": "Quietly bribe officials to secure the bid",
          "passLaw": false,
          "partisan": 0,
          "demAligned": -0.1,
          "repAligned": -0.1,
          "effect": {
            "turnDelay": 0,
            "repeatEffect": 0,
            "budget": -400,
            "economy": 150,
            "taxRate": 0.0,
            "popular": 0,
            "foreign": -0.1,
            "incrimination": 0.2
          },
          "futureEffects": [],
          "deathFlags": null
        },
        {
          "reaction": "Place your bid after negotiating for more \"benefits\" from the IOC",
          "passLaw": false,
          "partisan": 0,
          "demAligned": -0.1,
          "repAligned": -0.1,
          "effect": {
            "turnDelay": 0,
            "repeatEffect": 0,
            "budget": -700,
            "economy": 250,
            "taxRate": 0.0,
            "popular": 0.2,
            "foreign": -0.2,
            "incrimination": 0.1
          },
          "futureEffects": [],
          "deathFlags": null
        },
        {
          "reaction": "Partner with private companies to fund your bid",
          "passLaw": false,
          "partisan": 0,
          "demAligned": -0.1,
          "repAligned": 0.3,
          "effect": {
            "turnDelay": 0,
            "repeatEffect": 0,
            "budget": -500,
            "economy": 100,
            "taxRate": 0.0,
            "popular": 0.1,
            "foreign": -0.1,
            "incrimination": 0.0
          },
          "futureEffects": [],
          "deathFlags": null
        }
      ]
    },
    {
      "action": "The Interstate Highway System is in dire need of major structural renovations to ensure safety and reliability. What do you do?",
      "options": [
        {
          "reaction": "Increase funding for regular maintenance and repairs",
          "passLaw": false,
          "partisan": 0,
          "demAligned": 0.1,
          "repAligned": 0,
          "effect": {
            "turnDelay": 0,
            "repeatEffect": 0,
            "budget": -500,
            "economy": -50,
            "taxRate": 0.0,
            "popular": 0.1,
            "foreign": 0,
            "incrimination": 0.0
          },
          "futureEffects": [],
          "deathFlags": null
        },
        {
          "reaction": "Raise taxes to fund major renovations",
          "passLaw": false,
          "partisan": 0.6,
          "demAligned": 0.3,
          "repAligned": -0.3,
          "effect": {
            "turnDelay": 0,
            "repeatEffect": 0,
            "budget": -650,
            "economy": 0,
            "taxRate": 0.02,
            "popular": -0.05,
            "foreign": 0,
            "incrimination": 0
          },
          "futureEffects": [],
          "deathFlags": null
        },
        {
          "reaction": "Implement tolls on the freeways to offset renovation costs",
          "passLaw": true,
          "partisan": 0,
          "demAligned": -0.1,
          "repAligned": 0.2,
          "effect": {
            "turnDelay": 0,
            "repeatEffect": 0,
            "budget": -450,
            "economy": 0,
            "taxRate": 0.0,
            "popular": -0.2,
            "foreign": 0.0,
            "incrimination": 0.1
          },
          "futureEffects": [],
          "deathFlags": null
        },
        {
          "reaction": "Privatize the freeway system",
          "passLaw": true,
          "partisan": 0.5,
          "demAligned": -0.3,
          "repAligned": 0.1,
          "effect": {
            "turnDelay": 0,
            "repeatEffect": 0,
            "budget": 300,
            "economy": 150,
            "taxRate": 0.0,
            "popular": 0,
            "foreign": 0,
            "incrimination": 0
          },
          "futureEffects": [],
          "deathFlags": null
        },
        {
          "reaction": "Invest in new technology to make the system more efficient",
          "passLaw": false,
          "partisan": 0,
          "demAligned": 0.3,
          "repAligned": -0.1,
          "effect": {
            "turnDelay": 0,
            "repeatEffect": 0,
            "budget": -750,
            "economy": 200,
            "taxRate": 0.0,
            "popular": 0,
            "foreign": 0,
            "incrimination": 0.0
          },
          "futureEffects": [],
          "deathFlags": null
        }
      ]
    },
    {
      "action": "A crash in the housing market has led to widespread foreclosures and declining property values. What do you do?",
      "options": [
        {
          "reaction": "Implement a government-funded mortgage relief program",
          "passLaw": true,
          "partisan": 0.5,
          "demAligned": 0.2,
          "repAligned": -0.2,
          "effect": {
            "turnDelay": 0,
            "repeatEffect": 0,
            "budget": -600,
            "economy": 0,
            "taxRate": 0.0,
            "popular": 0.05,
            "foreign": 0,
            "incrimination": 0.0
          },
          "futureEffects": [],
          "deathFlags": null
        },
        {
          "reaction": "Increase interest rates to stabilize the market",
          "passLaw": false,
          "partisan": 0,
          "demAligned": 0.1,
          "repAligned": 0.3,
          "effect": {
            "turnDelay": 0,
            "repeatEffect": 0,
            "budget": 0,
            "economy": -150,
            "taxRate": 0,
            "popular": -0.2,
            "foreign": 0,
            "incrimination": 0
          },
          "futureEffects": [],
          "deathFlags": null
        },
        {
          "reaction": "Provide tax incentives for home buyers",
          "passLaw": false,
          "partisan": 0,
          "demAligned": 0.1,
          "repAligned": 0.2,
          "effect": {
            "turnDelay": 0,
            "repeatEffect": 0,
            "budget": 0,
            "economy": 100,
            "taxRate": -0.01,
            "popular": 0.1,
            "foreign": 0.0,
            "incrimination": 0
          },
          "futureEffects": [],
          "deathFlags": null
        },
        {
          "reaction": "Increase funding for affordable housing programs",
          "passLaw": false,
          "partisan": 0.5,
          "demAligned": 0.2,
          "repAligned": -0.3,
          "effect": {
            "turnDelay": 0,
            "repeatEffect": 0,
            "budget": -500,
            "economy": -100,
            "taxRate": 0.0,
            "popular": 0,
            "foreign": 0,
            "incrimination": 0
          },
          "futureEffects": [],
          "deathFlags": null
        },
        {
          "reaction": "Allow large financial institutions to fail and let the market handle it",
          "passLaw": false,
          "partisan": 0,
          "demAligned": -0.3,
          "repAligned": -0.1,
          "effect": {
            "turnDelay": 0,
            "repeatEffect": 0,
            "budget": 0,
            "economy": -250,
            "taxRate": 0.0,
            "popular": -0.2,
            "foreign": 0,
            "incrimination": 0.0
          },
          "futureEffects": [],
          "deathFlags": null
        },
        {
          "reaction": "Implement stricter regulations on lending practices",
          "passLaw": true,
          "partisan": 0,
          "demAligned": 0.2,
          "repAligned": -0.2,
          "effect": {
            "turnDelay": 0,
            "repeatEffect": 0,
            "budget": 0,
            "economy": -150,
            "taxRate": 0.0,
            "popular": 0.1,
            "foreign": 0,
            "incrimination": 0.0
          },
          "futureEffects": [],
          "deathFlags": null
        },
        {
          "reaction": "Encourage foreign investment in the housing market",
          "passLaw": false,
          "partisan": 0,
          "demAligned": -0.2,
          "repAligned": -0.2,
          "effect": {
            "turnDelay": 0,
            "repeatEffect": 0,
            "budget": 0,
            "economy": 100,
            "taxRate": 0.0,
            "popular": -0.2,
            "foreign": 0.2,
            "incrimination": 0.0
          },
          "futureEffects": [],
          "deathFlags": null
        }
      ]
    },
    {
      "action": "A major cryptocurrency exchange, which has been misusing its customers' investments, has gone bankrupt. What do you do?",
      "options": [
        {
          "reaction": "Implement stricter regulations on cryptocurrency exchanges",
          "passLaw": true,
          "partisan": 0,
          "demAligned": 0.2,
          "repAligned": 0.3,
          "effect": {
            "turnDelay": 0,
            "repeatEffect": 0,
            "budget": 0,
            "economy": -100,
            "taxRate": 0.0,
            "popular": 0.1,
            "foreign": 0,
            "incrimination": 0.0
          },
          "futureEffects": [],
          "deathFlags": null
        },
        {
          "reaction": "Locate, then arrest the executives and put them on trial",
          "passLaw": false,
          "partisan": 0,
          "demAligned": 0.2,
          "repAligned": 0.2,
          "effect": {
            "turnDelay": 0,
            "repeatEffect": 0,
            "budget": -400,
            "economy": 0,
            "taxRate": 0,
            "popular": 0.1,
            "foreign": 0,
            "incrimination": 0
          },
          "futureEffects": [],
          "deathFlags": null
        },
        {
          "reaction": "Provide government aid to affected customers",
          "passLaw": false,
          "partisan": 0,
          "demAligned": 0.1,
          "repAligned": -0.1,
          "effect": {
            "turnDelay": 0,
            "repeatEffect": 0,
            "budget": -500,
            "economy": 0,
            "taxRate": 0,
            "popular": 0.1,
            "foreign": 0.0,
            "incrimination": 0
          },
          "futureEffects": [],
          "deathFlags": null
        },
        {
          "reaction": "Increase the penalties for fraud",
          "passLaw": true,
          "partisan": 0,
          "demAligned": 0.1,
          "repAligned": 0.1,
          "effect": {
            "turnDelay": 0,
            "repeatEffect": 0,
            "budget": 0,
            "economy": 0,
            "taxRate": 0.0,
            "popular": 0.1,
            "foreign": 0,
            "incrimination": 0
          },
          "futureEffects": [],
          "deathFlags": null
        }
      ]
    },
    {
      "action": "The military industry is strongly lobbying for a war with a neighboring country, citing economic benefits. What do you do?",
      "options": [
        {
          "reaction": "Declare war and support the military industry",
          "passLaw": false,
          "partisan": 0,
          "demAligned": -0.1,
          "repAligned": 0,
          "effect": {
            "turnDelay": 0,
            "repeatEffect": 0,
            "budget": 100,
            "economy": 150,
            "taxRate": 0.0,
            "popular": -0.15,
            "foreign": -0.3,
            "incrimination": 0.2
          },
          "futureEffects": [],
          "deathFlags": null
        },
        {
          "reaction": "Ignore the lobbying and make a decision based on national security",
          "passLaw": false,
          "partisan": 0,
          "demAligned": 0.2,
          "repAligned": 0.2,
          "effect": {
            "turnDelay": 0,
            "repeatEffect": 0,
            "budget": 0,
            "economy": -100,
            "taxRate": 0,
            "popular": 0.1,
            "foreign": 0,
            "incrimination": 0
          },
          "futureEffects": [],
          "deathFlags": null
        },
        {
          "reaction": "Investigate the lobbying and potential conflicts of interest",
          "passLaw": false,
          "partisan": 0,
          "demAligned": 0.1,
          "repAligned": 0.1,
          "effect": {
            "turnDelay": 0,
            "repeatEffect": 0,
            "budget": -500,
            "economy": -100,
            "taxRate": 0,
            "popular": 0.2,
            "foreign": 0.0,
            "incrimination": 0
          },
          "futureEffects": [],
          "deathFlags": null
        },
        {
          "reaction": "Increase transparency and regulations on lobbying",
          "passLaw": true,
          "partisan": 0,
          "demAligned": -0.1,
          "repAligned": -0.1,
          "effect": {
            "turnDelay": 0,
            "repeatEffect": 0,
            "budget": -300,
            "economy": -100,
            "taxRate": 0.0,
            "popular": 0.2,
            "foreign": 0,
            "incrimination": 0
          },
          "futureEffects": [],
          "deathFlags": null
        }
      ]
    },
    {
      "action": "The country is considering creating a new federal holiday to honor an important figure in American history. Who should be honored?",
      "options": [
        {
          "reaction": "President Ronald Reagan",
          "passLaw": false,
          "partisan": 0.5,
          "demAligned": -0.3,
          "repAligned": 0.3,
          "effect": {
            "turnDelay": 0,
            "repeatEffect": 0,
            "budget": 0,
            "economy": 0,
            "taxRate": 0.0,
            "popular": 0,
            "foreign": 0,
            "incrimination": 0
          },
          "futureEffects": [],
          "deathFlags": null
        },
        {
          "reaction": "Harriet Tubman",
          "passLaw": false,
          "partisan": 0.5,
          "demAligned": 0.3,
          "repAligned": 0,
          "effect": {
            "turnDelay": 0,
            "repeatEffect": 0,
            "budget": 0,
            "economy": 0,
            "taxRate": 0,
            "popular": 0,
            "foreign": 0,
            "incrimination": 0
          },
          "futureEffects": [],
          "deathFlags": null
        },
        {
          "reaction": "Susan B. Anthony",
          "passLaw": false,
          "partisan": 0,
          "demAligned": 0.1,
          "repAligned": 0.1,
          "effect": {
            "turnDelay": 0,
            "repeatEffect": 0,
            "budget": 0,
            "economy": 0,
            "taxRate": 0,
            "popular": 0.1,
            "foreign": 0.0,
            "incrimination": 0
          },
          "futureEffects": [],
          "deathFlags": null
        },
        {
          "reaction": "President Abraham Lincoln",
          "passLaw": false,
          "partisan": 0,
          "demAligned": 0.2,
          "repAligned": 0.1,
          "effect": {
            "turnDelay": 0,
            "repeatEffect": 0,
            "budget": 0,
            "economy": 0,
            "taxRate": 0.0,
            "popular": 0.1,
            "foreign": 0,
            "incrimination": 0
          },
          "futureEffects": [],
          "deathFlags": null
        },
        {
          "reaction": "Senator John McCain",
          "passLaw": false,
          "partisan": 0,
          "demAligned": 0,
          "repAligned": 0.2,
          "effect": {
            "turnDelay": 0,
            "repeatEffect": 0,
            "budget": 0,
            "economy": 0,
            "taxRate": 0.0,
            "popular": 0.1,
            "foreign": 0,
            "incrimination": 0
          },
          "futureEffects": [],
          "deathFlags": null
        },
        {
          "reaction": "Governor Sarah Palin",
          "passLaw": false,
          "partisan": 0,
          "demAligned": -0.2,
          "repAligned": 0.1,
          "effect": {
            "turnDelay": 0,
            "repeatEffect": 0,
            "budget": 0,
            "economy": 0,
            "taxRate": 0.0,
            "popular": -0.1,
            "foreign": 0,
            "incrimination": 0
          },
          "futureEffects": [],
          "deathFlags": null
        },
        {
          "reaction": "Ronald McDonald",
          "passLaw": false,
          "partisan": 0,
          "demAligned": -0.2,
          "repAligned": -0.2,
          "effect": {
            "turnDelay": 0,
            "repeatEffect": 0,
            "budget": 0,
            "economy": 0,
            "taxRate": 0.0,
            "popular": -0.1,
            "foreign": 0,
            "incrimination": 0
          },
          "futureEffects": [],
          "deathFlags": null
        },
        {
          "reaction": "Governor Arnold Schwarzenegger",
          "passLaw": false,
          "partisan": 0,
          "demAligned": 0,
          "repAligned": 0.1,
          "effect": {
            "turnDelay": 0,
            "repeatEffect": 0,
            "budget": 0,
            "economy": 0,
            "taxRate": 0.0,
            "popular": 0.1,
            "foreign": 0,
            "incrimination": 0
          },
          "futureEffects": [],
          "deathFlags": null
        },
        {
          "reaction": "Malcom X",
          "passLaw": false,
          "partisan": 0.5,
          "demAligned": 0.2,
          "repAligned": -0.2,
          "effect": {
            "turnDelay": 0,
            "repeatEffect": 0,
            "budget": 0,
            "economy": 0,
            "taxRate": 0.0,
            "popular": 0,
            "foreign": 0,
            "incrimination": 0
          },
          "futureEffects": [],
          "deathFlags": null
        },
        {
          "reaction": "President Barack Obama",
          "passLaw": false,
          "partisan": 0.5,
          "demAligned": 0.2,
          "repAligned": -0.1,
          "effect": {
            "turnDelay": 0,
            "repeatEffect": 0,
            "budget": 0,
            "economy": 0,
            "taxRate": 0.0,
            "popular": 0,
            "foreign": 0,
            "incrimination": 0
          },
          "futureEffects": [],
          "deathFlags": null
        }
      ]
    },
    {
      "action": "An oil rig explodes in the Gulf of Mexico, causing a massive oil spill off the coast of the U.S. What do you do?",
      "options": [
        {
          "reaction": "Use federal resources to contain and clean up the oil spill",
          "passLaw": false,
          "partisan": 0,
          "demAligned": 0.2,
          "repAligned": 0.1,
          "effect": {
            "turnDelay": 0,
            "repeatEffect": 0,
            "budget": -500,
            "economy": 0,
            "taxRate": 0.0,
            "popular": 0.1,
            "foreign": 0.1,
            "incrimination": 0
          },
          "futureEffects": [],
          "deathFlags": null
        },
        {
          "reaction": "Make the oil company clean it up, bankrupting them",
          "passLaw": false,
          "partisan": 0.5,
          "demAligned": 0.1,
          "repAligned": -0.3,
          "effect": {
            "turnDelay": 0,
            "repeatEffect": 0,
            "budget": 0,
            "economy": -150,
            "taxRate": 0,
            "popular": 0.1,
            "foreign": 0.1,
            "incrimination": 0
          },
          "futureEffects": [],
          "deathFlags": null
        },
        {
          "reaction": "Increase regulations on offshore drilling",
          "passLaw": true,
          "partisan": 0.5,
          "demAligned": 0.2,
          "repAligned": -0.2,
          "effect": {
            "turnDelay": 0,
            "repeatEffect": 0,
            "budget": 0,
            "economy": -100,
            "taxRate": 0,
            "popular": 0,
            "foreign": 0.1,
            "incrimination": 0
          },
          "futureEffects": [],
          "deathFlags": null
        },
        {
          "reaction": "Dump an industrial quantity of Dawn dishsoap onto the spill",
          "passLaw": false,
          "partisan": 0,
          "demAligned": -0.2,
          "repAligned": -0.2,
          "effect": {
            "turnDelay": 0,
            "repeatEffect": 0,
            "budget": -300,
            "economy": 0,
            "taxRate": 0.0,
            "popular": -0.1,
            "foreign": -0.2,
            "incrimination": 0
          },
          "futureEffects": [],
          "deathFlags": null
        },
        {
          "reaction": "Do nothing about the spill",
          "passLaw": false,
          "partisan": 0,
          "demAligned": -0.2,
          "repAligned": -0.1,
          "effect": {
            "turnDelay": 0,
            "repeatEffect": 0,
            "budget": 0,
            "economy": 0,
            "taxRate": 0.0,
            "popular": -0.2,
            "foreign": -0.2,
            "incrimination": 0
          },
          "futureEffects": [],
          "deathFlags": null
        },
        {
          "reaction": "Work with neighboring countries to clean up",
          "passLaw": false,
          "partisan": 0,
          "demAligned": 0.2,
          "repAligned": 0.1,
          "effect": {
            "turnDelay": 0,
            "repeatEffect": 0,
            "budget": -300,
            "economy": 0,
            "taxRate": 0.0,
            "popular": 0.1,
            "foreign": 0,
            "incrimination": 0
          },
          "futureEffects": [],
          "deathFlags": null
        }
      ]
    },
    {
      "action": "3D printing technology has allowed for the popularization of homemade firearms, also known as \"ghost guns\". How do you react?",
      "options": [
        {
          "reaction": "The right of the people to keep and bear Arms shall not be infringed",
          "passLaw": false,
          "partisan": 0.6,
          "demAligned": -0.2,
          "repAligned": 0.2,
          "effect": {
            "turnDelay": 0,
            "repeatEffect": 0,
            "budget": 0,
            "economy": 0,
            "taxRate": 0.0,
            "popular": 0,
            "foreign": 0,
            "incrimination": 0
          },
          "futureEffects": [],
          "deathFlags": null
        },
        {
          "reaction": "Require all DIY firearms to be registered with the government",
          "passLaw": true,
          "partisan": 0,
          "demAligned": 0.2,
          "repAligned": -0.3,
          "effect": {
            "turnDelay": 0,
            "repeatEffect": 0,
            "budget": -400,
            "economy": 0,
            "taxRate": 0,
            "popular": 0,
            "foreign": 0,
            "incrimination": 0
          },
          "futureEffects": [],
          "deathFlags": null
        },
        {
          "reaction": "Ban 3D printing technology",
          "passLaw": true,
          "partisan": 0,
          "demAligned": -0.1,
          "repAligned": -0.2,
          "effect": {
            "turnDelay": 0,
            "repeatEffect": 0,
            "budget": 0,
            "economy": -150,
            "taxRate": 0,
            "popular": -0.1,
            "foreign": 0,
            "incrimination": 0
          },
          "futureEffects": [],
          "deathFlags": null
        },
        {
          "reaction": "Implement a buy-back program for 3D printed guns",
          "passLaw": false,
          "partisan": 0.5,
          "demAligned": 0.2,
          "repAligned": -0.1,
          "effect": {
            "turnDelay": 0,
            "repeatEffect": 0,
            "budget": -500,
            "economy": 0,
            "taxRate": 0.0,
            "popular": -0.05,
            "foreign": 0,
            "incrimination": 0
          },
          "futureEffects": [],
          "deathFlags": null
        },
        {
          "reaction": "Criminalize the use of homemade firearms",
          "passLaw": true,
          "partisan": 0.5,
          "demAligned": 0.2,
          "repAligned": -0.2,
          "effect": {
            "turnDelay": 0,
            "repeatEffect": 0,
            "budget": 0,
            "economy": 0,
            "taxRate": 0.0,
            "popular": 0,
            "foreign": 0,
            "incrimination": 0.2
          },
          "futureEffects": [],
          "deathFlags": null
        }
      ]
    },
    {
      "action": "Catastrophic flooding has occurred in a major American agricultural center, causing widespread damage to crops and infrastructure. What do you do?",
      "options": [
        {
          "reaction": "Provide emergency aid to those displaced by the flood",
          "passLaw": false,
          "partisan": 0.5,
          "demAligned": 0.2,
          "repAligned": 0,
          "effect": {
            "turnDelay": 0,
            "repeatEffect": 0,
            "budget": -450,
            "economy": -100,
            "taxRate": 0.0,
            "popular": 0.1,
            "foreign": 0,
            "incrimination": 0
          },
          "futureEffects": [],
          "deathFlags": null
        },
        {
          "reaction": "Invest in infrastructure projects to prevent future flooding",
          "passLaw": false,
          "partisan": 0.5,
          "demAligned": 0.3,
          "repAligned": -0.2,
          "effect": {
            "turnDelay": 0,
            "repeatEffect": 0,
            "budget": -750,
            "economy": 100,
            "taxRate": 0,
            "popular": 0,
            "foreign": 0,
            "incrimination": 0
          },
          "futureEffects": [],
          "deathFlags": null
        },
        {
          "reaction": "Import food to replace lost crops",
          "passLaw": false,
          "partisan": 0,
          "demAligned": 0.1,
          "repAligned": -0.1,
          "effect": {
            "turnDelay": 0,
            "repeatEffect": 0,
            "budget": -350,
            "economy": -150,
            "taxRate": 0,
            "popular": 0,
            "foreign": 0.1,
            "incrimination": 0
          },
          "futureEffects": [],
          "deathFlags": null
        },
        {
          "reaction": "Provide financial assistance to affected farmers and businesses",
          "passLaw": false,
          "partisan": 0,
          "demAligned": 0.2,
          "repAligned": 0.1,
          "effect": {
            "turnDelay": 0,
            "repeatEffect": 0,
            "budget": -550,
            "economy": 0,
            "taxRate": 0,
            "popular": 0,
            "foreign": 0,
            "incrimination": 0
          },
          "futureEffects": [],
          "deathFlags": null
        },
        {
          "reaction": "Get insurance companies to cover damages",
          "passLaw": true,
          "partisan": 0,
          "demAligned": 0,
          "repAligned": 0,
          "effect": {
            "turnDelay": 0,
            "repeatEffect": 0,
            "budget": 0,
            "economy": -150,
            "taxRate": 0.0,
            "popular": 0.2,
            "foreign": 0,
            "incrimination": 0
          },
          "futureEffects": [],
          "deathFlags": null
        }
      ]
    },
    {
      "action": "The U.S. is facing a shortage of skilled workers in certain industries, causing difficulties for many businesses. What do you do?",
      "options": [
        {
          "reaction": "Provide colleges with funding to train more students",
          "passLaw": false,
          "partisan": 0,
          "demAligned": 0.2,
          "repAligned": 0,
          "effect": {
            "turnDelay": 0,
            "repeatEffect": 0,
            "budget": -500,
            "economy": 100,
            "taxRate": 0.0,
            "popular": 0.1,
            "foreign": 0,
            "incrimination": 0
          },
          "futureEffects": [],
          "deathFlags": null
        },
        {
          "reaction": "Increase the number of visas granted to foreign workers",
          "passLaw": true,
          "partisan": 0.5,
          "demAligned": 0.3,
          "repAligned": -0.3,
          "effect": {
            "turnDelay": 0,
            "repeatEffect": 0,
            "budget": 0,
            "economy": 100,
            "taxRate": 0,
            "popular": 0,
            "foreign": 0.1,
            "incrimination": 0
          },
          "futureEffects": [],
          "deathFlags": null
        },
        {
          "reaction": "Invest in A.I. to replace human workers",
          "passLaw": false,
          "partisan": 0,
          "demAligned": -0.2,
          "repAligned": -0.1,
          "effect": {
            "turnDelay": 0,
            "repeatEffect": 0,
            "budget": -850,
            "economy": 250,
            "taxRate": 0,
            "popular": -0.2,
            "foreign": 0,
            "incrimination": 0
          },
          "futureEffects": [],
          "deathFlags": null
        },
        {
          "reaction": "Encourage businesses to invest in retraining current employees",
          "passLaw": false,
          "partisan": 0,
          "demAligned": 0.1,
          "repAligned": 0.1,
          "effect": {
            "turnDelay": 0,
            "repeatEffect": 0,
            "budget": 0,
            "economy": -50,
            "taxRate": 0,
            "popular": 0.1,
            "foreign": 0,
            "incrimination": 0
          },
          "futureEffects": [],
          "deathFlags": null
        },
        {
          "reaction": "Encourage overseas outsourcing of work",
          "passLaw": false,
          "partisan": 0,
          "demAligned": -0.1,
          "repAligned": -0.2,
          "effect": {
            "turnDelay": 0,
            "repeatEffect": 0,
            "budget": 0,
            "economy": -150,
            "taxRate": 0.0,
            "popular": -0.2,
            "foreign": 0.2,
            "incrimination": 0
          },
          "futureEffects": [],
          "deathFlags": null
        }
      ]
    },
    {
      "action": "The semiconductor (computer chip) industry is facing a supply chain shortage, causing production delays and increased costs for businesses. What do you do?",
      "options": [
        {
          "reaction": "Invest in U.S. chip manufacturing",
          "passLaw": false,
          "partisan": 0,
          "demAligned": 0.2,
          "repAligned": 0.1,
          "effect": {
            "turnDelay": 0,
            "repeatEffect": 0,
            "budget": -600,
            "economy": 150,
            "taxRate": 0.0,
            "popular": 0.1,
            "foreign": 0,
            "incrimination": 0
          },
          "futureEffects": [],
          "deathFlags": null
        },
        {
          "reaction": "Offer tax incentives to U.S. chipmakers",
          "passLaw": false,
          "partisan": 0.5,
          "demAligned": -0.2,
          "repAligned": 0.3,
          "effect": {
            "turnDelay": 0,
            "repeatEffect": 0,
            "budget": 0,
            "economy": 100,
            "taxRate": -0.01,
            "popular": 0,
            "foreign": 0.1,
            "incrimination": 0
          },
          "futureEffects": [],
          "deathFlags": null
        },
        {
          "reaction": "Invade a country with robust chipmaking infrastructure",
          "passLaw": false,
          "partisan": 0,
          "demAligned": -0.2,
          "repAligned": -0.1,
          "effect": {
            "turnDelay": 0,
            "repeatEffect": 0,
            "budget": -500,
            "economy": 150,
            "taxRate": 0,
            "popular": -0.1,
            "foreign": -0.2,
            "incrimination": 0.2
          },
          "futureEffects": [],
          "deathFlags": null
        },
        {
          "reaction": "Let the free market balance itself",
          "passLaw": false,
          "partisan": 0.5,
          "demAligned": -0.2,
          "repAligned": 0.2,
          "effect": {
            "turnDelay": 0,
            "repeatEffect": 0,
            "budget": 0,
            "economy": -100,
            "taxRate": 0,
            "popular": 0,
            "foreign": 0,
            "incrimination": 0
          },
          "futureEffects": [],
          "deathFlags": null
        },
        {
          "reaction": "Pressure other countries to increase supply",
          "passLaw": false,
          "partisan": 0,
          "demAligned": -0.1,
          "repAligned": -0.1,
          "effect": {
            "turnDelay": 0,
            "repeatEffect": 0,
            "budget": 0,
            "economy": -50,
            "taxRate": 0.0,
            "popular": 0.1,
            "foreign": -0.1,
            "incrimination": 0
          },
          "futureEffects": [],
          "deathFlags": null
        }
      ]
    },
    {
      "action": "Big Tech is being investigated for alleged anticompetitive practices. What do you do?",
      "options": [
        {
          "reaction": "Implement GDPR-style regulations on data protection",
          "passLaw": true,
          "partisan": 0,
          "demAligned": 0.1,
          "repAligned": 0.1,
          "effect": {
            "turnDelay": 0,
            "repeatEffect": 0,
            "budget": 0,
            "economy": -100,
            "taxRate": 0.0,
            "popular": 0.1,
            "foreign": 0,
            "incrimination": 0
          },
          "futureEffects": [],
          "deathFlags": null
        },
        {
          "reaction": "Offer tax incentives to smaller tech companies",
          "passLaw": false,
          "partisan": 0.5,
          "demAligned": -0.2,
          "repAligned": 0.3,
          "effect": {
            "turnDelay": 0,
            "repeatEffect": 0,
            "budget": 0,
            "economy": 100,
            "taxRate": -0.01,
            "popular": 0,
            "foreign": 0,
            "incrimination": 0
          },
          "futureEffects": [],
          "deathFlags": null
        },
        {
          "reaction": "Cancel the investigation at the request of tech lobbyists",
          "passLaw": false,
          "partisan": 0,
          "demAligned": -0.2,
          "repAligned": -0.2,
          "effect": {
            "turnDelay": 0,
            "repeatEffect": 0,
            "budget": 100,
            "economy": 100,
            "taxRate": 0,
            "popular": -0.1,
            "foreign": 0,
            "incrimination": 0.2
          },
          "futureEffects": [],
          "deathFlags": null
        },
        {
          "reaction": "Implement stricter acquisition regulations",
          "passLaw": true,
          "partisan": 0.5,
          "demAligned": 0.2,
          "repAligned": -0.2,
          "effect": {
            "turnDelay": 0,
            "repeatEffect": 0,
            "budget": 0,
            "economy": -100,
            "taxRate": 0,
            "popular": 0,
            "foreign": 0,
            "incrimination": 0
          },
          "futureEffects": [],
          "deathFlags": null
        }
      ]
    },
    {
      "action": "Government researchers have discovered a cure for a major disease that affects millions of people worldwide. What do you do?",
      "options": [
        {
          "reaction": "Publish the discovery for free",
          "passLaw": true,
          "partisan": 0,
          "demAligned": 0.1,
          "repAligned": 0.1,
          "effect": {
            "turnDelay": 0,
            "repeatEffect": 0,
            "budget": 0,
            "economy": 100,
            "taxRate": 0.0,
            "popular": 0.1,
            "foreign": 0.1,
            "incrimination": 0
          },
          "futureEffects": [],
          "deathFlags": null
        },
        {
          "reaction": "License the technology to American pharmaceutical companies",
          "passLaw": false,
          "partisan": 0.5,
          "demAligned": 0.1,
          "repAligned": 0.3,
          "effect": {
            "turnDelay": 0,
            "repeatEffect": 0,
            "budget": 100,
            "economy": 150,
            "taxRate": 0,
            "popular": 0.05,
            "foreign": 0,
            "incrimination": 0
          },
          "futureEffects": [],
          "deathFlags": null
        },
        {
          "reaction": "Classify the findings to protect the healthcare industry",
          "passLaw": false,
          "partisan": 0.5,
          "demAligned": -0.2,
          "repAligned": 0.2,
          "effect": {
            "turnDelay": 0,
            "repeatEffect": 0,
            "budget": 100,
            "economy": 100,
            "taxRate": 0,
            "popular": -0.05,
            "foreign": 0,
            "incrimination": 0.2
          },
          "futureEffects": [],
          "deathFlags": null
        },
        {
          "reaction": "Use the cure as a bargaining chip in international negotiations",
          "passLaw": true,
          "partisan": 0,
          "demAligned": 0.1,
          "repAligned": 0.1,
          "effect": {
            "turnDelay": 0,
            "repeatEffect": 0,
            "budget": 100,
            "economy": 100,
            "taxRate": 0,
            "popular": 0.1,
            "foreign": -0.2,
            "incrimination": 0
          },
          "futureEffects": [],
          "deathFlags": null
        }
      ]
    },
    {
      "action": "A major cyber attack has been launched against the United States, targeting critical infrastructure. What do you do?",
      "options": [
        {
          "reaction": "Increase funding for cybersecurity",
          "passLaw": false,
          "partisan": 0,
          "demAligned": 0.1,
          "repAligned": 0.1,
          "effect": {
            "turnDelay": 0,
            "repeatEffect": 0,
            "budget": -300,
            "economy": 0,
            "taxRate": 0.0,
            "popular": 0.1,
            "foreign": 0.1,
            "incrimination": 0
          },
          "futureEffects": [],
          "deathFlags": null
        },
        {
          "reaction": "Launch a counter-attack",
          "passLaw": false,
          "partisan": 0.5,
          "demAligned": 0.1,
          "repAligned": 0.3,
          "effect": {
            "turnDelay": 0,
            "repeatEffect": 0,
            "budget": -400,
            "economy": 0,
            "taxRate": 0,
            "popular": 0.2,
            "foreign": 0,
            "incrimination": 0
          },
          "futureEffects": [],
          "deathFlags": null
        },
        {
          "reaction": "Increase cybersecurity regulations on critical businesses",
          "passLaw": false,
          "partisan": 0.5,
          "demAligned": 0.2,
          "repAligned": -0.2,
          "effect": {
            "turnDelay": 0,
            "repeatEffect": 0,
            "budget": 0,
            "economy": -100,
            "taxRate": 0,
            "popular": 0.05,
            "foreign": 0.1,
            "incrimination": 0
          },
          "futureEffects": [],
          "deathFlags": null
        },
        {
          "reaction": "Claim that Windows XP is \"good enough\"",
          "passLaw": false,
          "partisan": 0,
          "demAligned": -0.1,
          "repAligned": -0.1,
          "effect": {
            "turnDelay": 0,
            "repeatEffect": 0,
            "budget": 0,
            "economy": 0,
            "taxRate": 0,
            "popular": -0.1,
            "foreign": 0,
            "incrimination": 0.1
          },
          "futureEffects": [],
          "deathFlags": null
        }
      ]
    },
    {
      "action": "Scientists have discovered that a major volcanic eruption could occur in the next ten years in the United States. What do you do?",
      "options": [
        {
          "reaction": "Develop technology to safely harness volcanos' energy",
          "passLaw": false,
          "partisan": 0,
          "demAligned": 0.3,
          "repAligned": 0.1,
          "effect": {
            "turnDelay": 0,
            "repeatEffect": 0,
            "budget": -750,
            "economy": 150,
            "taxRate": 0.0,
            "popular": 0.1,
            "foreign": 0,
            "incrimination": 0
          },
          "futureEffects": [],
          "deathFlags": null
        },
        {
          "reaction": "Increase funding for volcano monitoring and early warning systems",
          "passLaw": false,
          "partisan": 0.5,
          "demAligned": 0.3,
          "repAligned": -0.2,
          "effect": {
            "turnDelay": 0,
            "repeatEffect": 0,
            "budget": -400,
            "economy": 0,
            "taxRate": 0,
            "popular": 0.05,
            "foreign": 0,
            "incrimination": 0
          },
          "futureEffects": [],
          "deathFlags": null
        },
        {
          "reaction": "Force residents near volcanos to move to a safer area",
          "passLaw": true,
          "partisan": 0.5,
          "demAligned": 0.2,
          "repAligned": -0.2,
          "effect": {
            "turnDelay": 0,
            "repeatEffect": 0,
            "budget": 0,
            "economy": -100,
            "taxRate": 0,
            "popular": -0.05,
            "foreign": 0,
            "incrimination": 0.2
          },
          "futureEffects": [],
          "deathFlags": null
        },
        {
          "reaction": "Prepare a disaster relief plan for when a volcano erupts",
          "passLaw": false,
          "partisan": 0,
          "demAligned": 0.1,
          "repAligned": 0.1,
          "effect": {
            "turnDelay": 0,
            "repeatEffect": 0,
            "budget": -300,
            "economy": 0,
            "taxRate": 0,
            "popular": 0.1,
            "foreign": 0,
            "incrimination": 0
          },
          "futureEffects": [],
          "deathFlags": null
        },
        {
          "reaction": "Force insurance companies to insure at-risk customers",
          "passLaw": false,
          "partisan": 0.5,
          "demAligned": 0.1,
          "repAligned": -0.2,
          "effect": {
            "turnDelay": 0,
            "repeatEffect": 0,
            "budget": 0,
            "economy": -100,
            "taxRate": 0,
            "popular": 0.05,
            "foreign": 0,
            "incrimination": 0
          },
          "futureEffects": [],
          "deathFlags": null
        }
      ]
    },
    {
      "action": "A model of passenger jet has been involved in multiple major crashes, with F.A.A. investigations revealing a design flaw as the cause. What do you do?",
      "options": [
        {
          "reaction": "Ground all flights of the affected model and order a recall",
          "passLaw": false,
          "partisan": 0,
          "demAligned": 0.3,
          "repAligned": 0.1,
          "effect": {
            "turnDelay": 0,
            "repeatEffect": 0,
            "budget": 0,
            "economy": -150,
            "taxRate": 0.0,
            "popular": 0.1,
            "foreign": 0,
            "incrimination": 0
          },
          "futureEffects": [],
          "deathFlags": null
        },
        {
          "reaction": "Increase FAA funding for aircraft safety investigations",
          "passLaw": false,
          "partisan": 0.5,
          "demAligned": 0.3,
          "repAligned": -0.1,
          "effect": {
            "turnDelay": 0,
            "repeatEffect": 0,
            "budget": -300,
            "economy": -50,
            "taxRate": 0,
            "popular": 0,
            "foreign": 0,
            "incrimination": 0
          },
          "futureEffects": [],
          "deathFlags": null
        },
        {
          "reaction": "Increase safety regulations on airplane manufacturers",
          "passLaw": true,
          "partisan": 0.5,
          "demAligned": 0.2,
          "repAligned": -0.1,
          "effect": {
            "turnDelay": 0,
            "repeatEffect": 0,
            "budget": 0,
            "economy": -100,
            "taxRate": 0,
            "popular": 0.05,
            "foreign": 0,
            "incrimination": 0
          },
          "futureEffects": [],
          "deathFlags": null
        },
        {
          "reaction": "Investigate the engineers responsible for the flaw",
          "passLaw": false,
          "partisan": 0,
          "demAligned": 0.1,
          "repAligned": 0.1,
          "effect": {
            "turnDelay": 0,
            "repeatEffect": 0,
            "budget": -400,
            "economy": 0,
            "taxRate": 0,
            "popular": 0.1,
            "foreign": 0,
            "incrimination": 0
          },
          "futureEffects": [],
          "deathFlags": null
        }
      ]
    }
  ],
  "title": "We The People",
  "updateURL": "https://raw.githubusercontent.com/Sn0wCh1ld/Various-Files/master/Impeached2/Packs/We%20The%20People.json",
  "version": 25
}